,Image1,DateTimeOriginal,ForestName,Camera ,Camera_Trap_Days,Date_Out,Date_Checked,choice
8,33_01_WF_0001.JPG,11/12/18 17:15,WF,33,75,18/11/17,19/01/31,HUMAN
9,25_09_SH_0001.JPG,11/13/18 15:52,SH,25,89,18/11/14,19/02/11,HUMAN
10,25_09_SH_0004.JPG,11/13/18 15:53,SH,25,89,18/11/14,19/02/11,DOMESTICDOG
11,25_09_SH_0007.JPG,11/13/18 15:54,SH,25,89,18/11/14,19/02/11,DOMESTICDOG
12,25_09_SH_0012.JPG,11/13/18 15:57,SH,25,89,18/11/14,19/02/11,DOMESTICDOG
13,03_05_SH_000001.JPG,11/14/18 16:00,SH,3,89,18/11/14,19/02/11,NOTHINGHERE
14,25_09_SH_0015.JPG,11/14/18 22:06,SH,25,89,18/11/14,19/02/11,OTHERSMALLMAMMAL
15,25_09_SH_0018.JPG,11/15/18 0:59,SH,25,89,18/11/14,19/02/11,NOTHINGHERE
16,25_09_SH_0021.JPG,11/15/18 10:10,SH,25,89,18/11/14,19/02/11,DEERWHITETAILED
17,25_09_SH_0024.JPG,11/15/18 10:11,SH,25,89,18/11/14,19/02/11,DEERWHITETAILED
18,25_09_SH_0027.JPG,11/15/18 10:12,SH,25,89,18/11/14,19/02/11,DEERWHITETAILED
19,25_09_SH_0030.JPG,11/15/18 10:13,SH,25,89,18/11/14,19/02/11,DEERWHITETAILED
20,25_09_SH_0033.JPG,11/15/18 10:14,SH,25,89,18/11/14,19/02/11,DEERWHITETAILED
21,25_09_SH_0036.JPG,11/15/18 11:46,SH,25,89,18/11/14,19/02/11,SQUIRRELGRAY
22,24_04_BC_0001.JPG,11/15/18 12:33,BC,24,109,18/11/15,19/03/04,HUMAN
23,24_04_BC_0004.JPG,11/15/18 12:34,BC,24,109,18/11/15,19/03/04,HUMAN
24,24_04_BC_0007.JPG,11/15/18 12:35,BC,24,109,18/11/15,19/03/04,HUMAN
25,24_04_BC_0010.JPG,11/15/18 12:36,BC,24,109,18/11/15,19/03/04,HUMAN
26,24_04_BC_0013.JPG,11/15/18 12:37,BC,24,109,18/11/15,19/03/04,HUMAN
27,24_04_BC_0016.JPG,11/15/18 12:38,BC,24,109,18/11/15,19/03/04,HUMAN
28,24_04_BC_0019.JPG,11/15/18 12:39,BC,24,109,18/11/15,19/03/04,HUMAN
29,24_04_BC_0022.JPG,11/15/18 12:41,BC,24,109,18/11/15,19/03/04,HUMAN
30,24_04_BC_0025.JPG,11/15/18 12:42,BC,24,109,18/11/15,19/03/04,HUMAN
31,24_04_BC_0028.JPG,11/15/18 12:43,BC,24,109,18/11/15,19/03/04,HUMAN
32,24_04_BC_0031.JPG,11/15/18 12:44,BC,24,109,18/11/15,19/03/04,HUMAN
33,11_13_BC_000002.JPG,11/16/18 14:17,BC,11,109,18/11/15,19/03/04,DEERWHITETAILED
34,11_13_BC_000004.JPG,11/16/18 14:18,BC,11,109,18/11/15,19/03/04,DEERWHITETAILED
35,17_24_BC_000001.JPG,11/16/18 16:09,BC,17,109,18/11/15,19/03/04,DEERWHITETAILED
36,24_04_BC_0034.JPG,11/16/18 18:58,BC,24,109,18/11/15,19/03/04,DEERWHITETAILED
37,17_24_BC_000004.JPG,11/16/18 21:59,BC,17,109,18/11/15,19/03/04,DEERWHITETAILED
38,17_24_BC_000007.JPG,11/16/18 23:04,BC,17,109,18/11/15,19/03/04,DEERWHITETAILED
39,17_24_BC_000010.JPG,11/16/18 23:06,BC,17,109,18/11/15,19/03/04,DEERWHITETAILED
40,23_03_SH_0001.JPG,11/17/18 8:12,SH,23,89,18/11/14,19/02/11,DEERWHITETAILED
41,25_09_SH_0039.JPG,11/17/18 11:35,SH,25,89,18/11/14,19/02/11,NOTHINGHERE
42,17_24_BC_000013.JPG,11/17/18 14:11,BC,17,109,18/11/15,19/03/04,DEERWHITETAILED
43,17_24_BC_000016.JPG,11/17/18 14:13,BC,17,109,18/11/15,19/03/04,DEERWHITETAILED
44,23_03_SH_0004.JPG,11/17/18 14:48,SH,23,89,18/11/14,19/02/11,DEERWHITETAILED
45,17_24_BC_000019.JPG,11/17/18 18:11,BC,17,109,18/11/15,19/03/04,DEERWHITETAILED
46,17_24_BC_000022.JPG,11/17/18 22:12,BC,17,109,18/11/15,19/03/04,NOTHINGHERE
47,25_09_SH_0042.JPG,11/18/18 0:15,SH,25,89,18/11/14,19/02/11,COYOTE
48,24_04_BC_0037.JPG,11/18/18 4:05,BC,24,109,18/11/15,19/03/04,DEERWHITETAILED
49,25_09_SH_0045.JPG,11/18/18 5:50,SH,25,89,18/11/14,19/02/11,DEERWHITETAILED
50,17_24_BC_000025.JPG,11/18/18 7:27,BC,17,109,18/11/15,19/03/04,DEERWHITETAILED
51,17_24_BC_000028.JPG,11/18/18 11:16,BC,17,109,18/11/15,19/03/04,SQUIRRELGRAY
52,17_24_BC_000031.JPG,11/18/18 13:05,BC,17,109,18/11/15,19/03/04,SQUIRRELGRAY
53,17_24_BC_000034.JPG,11/18/18 13:07,BC,17,109,18/11/15,19/03/04,SQUIRRELGRAY
54,11_13_BC_000007.JPG,11/18/18 13:28,BC,11,109,18/11/15,19/03/04,NOTHINGHERE
55,11_13_BC_000010.JPG,11/18/18 20:42,BC,11,109,18/11/15,19/03/04,NOTHINGHERE
56,11_13_BC_000013.JPG,11/19/18 3:54,BC,11,109,18/11/15,19/03/04,SOMETHINGHERE
57,03_05_SH_000004.JPG,11/19/18 4:08,SH,3,89,18/11/14,19/02/11,NOTHINGHERE
58,25_09_SH_0048.JPG,11/20/18 4:32,SH,25,89,18/11/14,19/02/11,OTHERSMALLMAMMAL
59,23_03_SH_0007.JPG,11/20/18 10:16,SH,23,89,18/11/14,19/02/11,SQUIRRELGRAY
60,23_03_SH_0010.JPG,11/20/18 10:18,SH,23,89,18/11/14,19/02/11,SQUIRRELGRAY
61,24_04_BC_0040.JPG,11/20/18 11:28,BC,24,109,18/11/15,19/03/04,SQUIRRELGRAY
62,24_04_BC_0043.JPG,11/20/18 11:41,BC,24,109,18/11/15,19/03/04,DEERWHITETAILED
63,17_24_BC_000037.JPG,11/20/18 12:26,BC,17,109,18/11/15,19/03/04,SQUIRRELGRAY
64,11_13_BC_000016.JPG,11/20/18 14:15,BC,11,109,18/11/15,19/03/04,SOMETHINGHERE
65,17_24_BC_000040.JPG,11/20/18 22:03,BC,17,109,18/11/15,19/03/04,DEERWHITETAILED
66,17_24_BC_000043.JPG,11/20/18 23:17,BC,17,109,18/11/15,19/03/04,DEERWHITETAILED
67,25_09_SH_0051.JPG,11/21/18 3:48,SH,25,89,18/11/14,19/02/11,FOXRED
68,23_03_SH_0013.JPG,11/21/18 12:53,SH,23,89,18/11/14,19/02/11,NOTHINGHERE
69,17_24_BC_000046.JPG,11/21/18 14:18,BC,17,109,18/11/15,19/03/04,DEERWHITETAILED
70,23_03_SH_0016.JPG,11/21/18 18:22,SH,23,89,18/11/14,19/02/11,DEERWHITETAILED
71,25_09_SH_0054.JPG,11/22/18 6:03,SH,25,89,18/11/14,19/02/11,NOTHINGHERE
72,03_05_SH_000007.JPG,11/22/18 9:00,SH,3,89,18/11/14,19/02/11,NOTHINGHERE
73,25_09_SH_0057.JPG,11/22/18 11:47,SH,25,89,18/11/14,19/02/11,NOTHINGHERE
74,25_09_SH_0060.JPG,11/22/18 22:12,SH,25,89,18/11/14,19/02/11,NOTHINGHERE
75,17_24_BC_000049.JPG,11/24/18 12:35,BC,17,109,18/11/15,19/03/04,NOTHINGHERE
76,17_24_BC_000052.JPG,11/24/18 17:34,BC,17,109,18/11/15,19/03/04,SOMETHINGHERE
77,11_13_BC_000019.JPG,11/25/18 8:20,BC,11,109,18/11/15,19/03/04,SQUIRRELGRAY
78,17_24_BC_000055.JPG,11/25/18 8:24,BC,17,109,18/11/15,19/03/04,SQUIRRELGRAY
79,11_13_BC_000022.JPG,11/25/18 8:48,BC,11,109,18/11/15,19/03/04,SQUIRRELGRAY
80,11_13_BC_000025.JPG,11/25/18 9:57,BC,11,109,18/11/15,19/03/04,SQUIRRELGRAY
81,11_13_BC_000028.JPG,11/25/18 9:59,BC,11,109,18/11/15,19/03/04,SQUIRRELGRAY
82,17_24_BC_000058.JPG,11/25/18 10:58,BC,17,109,18/11/15,19/03/04,NOTHINGHERE
83,17_24_BC_000061.JPG,11/25/18 11:47,BC,17,109,18/11/15,19/03/04,SQUIRRELGRAY
84,17_24_BC_000064.JPG,11/25/18 12:15,BC,17,109,18/11/15,19/03/04,SQUIRRELGRAY
85,11_13_BC_000031.JPG,11/25/18 12:25,BC,11,109,18/11/15,19/03/04,SQUIRRELGRAY
86,11_13_BC_000034.JPG,11/25/18 12:43,BC,11,109,18/11/15,19/03/04,SQUIRRELGRAY
87,11_13_BC_000037.JPG,11/25/18 12:47,BC,11,109,18/11/15,19/03/04,NOTHINGHERE
88,03_05_SH_000010.JPG,11/25/18 13:38,SH,3,89,18/11/14,19/02/11,NOTHINGHERE
89,11_13_BC_000040.JPG,11/25/18 14:34,BC,11,109,18/11/15,19/03/04,SQUIRRELGRAY
90,11_13_BC_000043.JPG,11/25/18 15:59,BC,11,109,18/11/15,19/03/04,SOMETHINGHERE
91,11_13_BC_000046.JPG,11/25/18 17:26,BC,11,109,18/11/15,19/03/04,PORCUPINE
92,11_13_BC_000049.JPG,11/25/18 18:36,BC,11,109,18/11/15,19/03/04,PORCUPINE
93,08_23_DEG_000001.JPG,11/26/18 4:46,DEG,8,73,18/11/26,19/02/07,SOMETHINGHERE
94,08_23_DEG_000004.JPG,11/26/18 6:27,DEG,8,73,18/11/26,19/02/07,DEERWHITETAILED
95,11_13_BC_000052.JPG,11/26/18 8:01,BC,11,109,18/11/15,19/03/04,SQUIRRELGRAY
96,11_13_BC_000055.JPG,11/26/18 10:59,BC,11,109,18/11/15,19/03/04,SQUIRRELGRAY
97,17_24_BC_000067.JPG,11/26/18 13:20,BC,17,109,18/11/15,19/03/04,SQUIRRELGRAY
98,21_21_DON_0001.JPG,11/26/18 14:10,DON,21,94,18/11/26,19/02/28,HUMAN
99,25_09_SH_0063.JPG,11/26/18 14:14,SH,25,89,18/11/14,19/02/11,SQUIRRELGRAY
100,24_04_BC_0046.JPG,11/26/18 18:06,BC,24,109,18/11/15,19/03/04,DEERWHITETAILED
101,29_19_DEG_0001.JPG,11/26/18 22:52,DEG,29,73,18/11/26,19/02/07,DEERWHITETAILED
102,24_04_BC_0049.JPG,11/26/18 23:42,BC,24,109,18/11/15,19/03/04,DEERWHITETAILED
103,24_04_BC_0052.JPG,11/26/18 23:48,BC,24,109,18/11/15,19/03/04,DEERWHITETAILED
104,24_04_BC_0055.JPG,11/27/18 6:20,BC,24,109,18/11/15,19/03/04,DEERWHITETAILED
105,08_23_DEG_000007.JPG,11/27/18 7:00,DEG,8,73,18/11/26,19/02/07,SOMETHINGHERE
106,24_04_BC_0058.JPG,11/27/18 7:16,BC,24,109,18/11/15,19/03/04,DEERWHITETAILED
107,24_04_BC_0061.JPG,11/27/18 7:19,BC,24,109,18/11/15,19/03/04,DEERWHITETAILED
108,17_24_BC_000070.JPG,11/27/18 8:56,BC,17,109,18/11/15,19/03/04,SQUIRRELGRAY
109,11_13_BC_000058.JPG,11/27/18 10:21,BC,11,109,18/11/15,19/03/04,NOTHINGHERE
110,25_09_SH_0066.JPG,11/27/18 12:26,SH,25,89,18/11/14,19/02/11,SQUIRRELGRAY
111,23_03_SH_0019.JPG,11/27/18 14:01,SH,23,89,18/11/14,19/02/11,SQUIRRELGRAY
112,33_01_WF_0004.JPG,11/27/18 17:16,WF,33,75,18/11/17,19/01/31,NOTHINGHERE
113,33_01_WF_0007.JPG,11/27/18 17:26,WF,33,75,18/11/17,19/01/31,NOTHINGHERE
114,28_15_DEG_0008.JPG,11/27/18 20:02,DEG,28,73,18/11/26,19/02/07,FISHER
115,22_18_WF_0001.JPG,11/27/18 23:02,WF,22,75,18/11/17,19/01/31,COYOTE
116,22_18_WF_0004.JPG,11/28/18 3:53,WF,22,75,18/11/17,19/01/31,FISHER
117,22_18_WF_0007.JPG,11/28/18 3:55,WF,22,75,18/11/17,19/01/31,SOMETHINGHERE
118,33_01_WF_0010.JPG,11/28/18 5:14,WF,33,75,18/11/17,19/01/31,DEERWHITETAILED
119,03_05_SH_000013.JPG,11/28/18 6:43,SH,3,89,18/11/14,19/02/11,SOMETHINGHERE
120,17_24_BC_000073.JPG,11/28/18 9:04,BC,17,109,18/11/15,19/03/04,SQUIRRELGRAY
121,09_25_WF_000001.JPG,11/28/18 10:16,WF,9,75,18/11/17,19/01/31,DEERWHITETAILED
122,11_13_BC_000061.JPG,11/28/18 12:21,BC,11,109,18/11/15,19/03/04,SQUIRRELGRAY
123,29_19_DEG_0004.JPG,11/28/18 13:38,DEG,29,73,18/11/26,19/02/07,DEERWHITETAILED
124,08_23_DEG_000010.JPG,11/28/18 17:29,DEG,8,73,18/11/26,19/02/07,NOTHINGHERE
125,08_23_DEG_000013.JPG,11/28/18 17:34,DEG,8,73,18/11/26,19/02/07,SNOWSHOEHARE
126,17_24_BC_000076.JPG,11/28/18 19:54,BC,17,109,18/11/15,19/03/04,DEERWHITETAILED
127,17_24_BC_000079.JPG,11/28/18 19:56,BC,17,109,18/11/15,19/03/04,DEERWHITETAILED
128,17_24_BC_000082.JPG,11/28/18 19:59,BC,17,109,18/11/15,19/03/04,DEERWHITETAILED
129,17_24_BC_000085.JPG,11/28/18 22:56,BC,17,109,18/11/15,19/03/04,DEERWHITETAILED
130,29_19_DEG_0007.JPG,11/29/18 0:16,DEG,29,73,18/11/26,19/02/07,FISHER
131,22_18_WF_0010.JPG,11/29/18 1:23,WF,22,75,18/11/17,19/01/31,FISHER
132,22_18_WF_0013.JPG,11/29/18 1:29,WF,22,75,18/11/17,19/01/31,FISHER
133,11_13_BC_000064.JPG,11/29/18 11:09,BC,11,109,18/11/15,19/03/04,SQUIRRELGRAY
134,11_13_BC_000067.JPG,11/29/18 11:50,BC,11,109,18/11/15,19/03/04,SQUIRRELGRAY
135,24_04_BC_0064.JPG,11/29/18 12:35,BC,24,109,18/11/15,19/03/04,SQUIRRELGRAY
136,11_13_BC_000070.JPG,11/29/18 17:26,BC,11,109,18/11/15,19/03/04,PORCUPINE
137,29_19_DEG_0010.JPG,11/29/18 18:32,DEG,29,73,18/11/26,19/02/07,DEERWHITETAILED
138,21_21_DON_0003.JPG,11/29/18 19:02,DON,21,94,18/11/26,19/02/28,FOXRED
139,29_19_DEG_0013.JPG,11/30/18 6:39,DEG,29,73,18/11/26,19/02/07,SOMETHINGHERE
140,29_19_DEG_0016.JPG,11/30/18 6:42,DEG,29,73,18/11/26,19/02/07,DEERWHITETAILED
141,29_19_DEG_0019.JPG,11/30/18 6:44,DEG,29,73,18/11/26,19/02/07,DEERWHITETAILED
142,29_19_DEG_0025.JPG,11/30/18 8:47,DEG,29,73,18/11/26,19/02/07,DEERWHITETAILED
143,22_18_WF_0016.JPG,11/30/18 10:12,WF,22,75,18/11/17,19/01/31,FISHER
144,22_18_WF_0019.JPG,11/30/18 11:43,WF,22,75,18/11/17,19/01/31,FISHER
145,22_18_WF_0022.JPG,11/30/18 16:17,WF,22,75,18/11/17,19/01/31,DEERWHITETAILED
146,22_18_WF_0025.JPG,11/30/18 16:19,WF,22,75,18/11/17,19/01/31,DEERWHITETAILED
147,22_18_WF_0028.JPG,11/30/18 16:20,WF,22,75,18/11/17,19/01/31,DEERWHITETAILED
148,33_01_WF_0013.JPG,11/30/18 16:34,WF,33,75,18/11/17,19/01/31,DEERWHITETAILED
149,33_01_WF_0016.JPG,11/30/18 16:35,WF,33,75,18/11/17,19/01/31,DEERWHITETAILED
150,22_18_WF_0031.JPG,12/1/18 6:17,WF,22,75,18/11/17,19/01/31,DEERWHITETAILED
151,15_14_DEG_000002.JPG,12/1/18 8:16,DEG,15,73,18/11/26,19/02/07,DEERWHITETAILED
152,33_01_WF_0019.JPG,12/1/18 8:51,WF,33,75,18/11/17,19/01/31,SOMETHINGHERE
153,04_26_WF_000001.JPG,12/1/18 10:05,WF,4,75,18/11/17,19/01/31,NOTHINGHERE
154,04_26_WF_000004.JPG,12/1/18 10:12,WF,4,75,18/11/17,19/01/31,NOTHINGHERE
155,04_26_WF_000007.JPG,12/1/18 10:32,WF,4,75,18/11/17,19/01/31,NOTHINGHERE
156,04_26_WF_000010.JPG,12/1/18 10:35,WF,4,75,18/11/17,19/01/31,NOTHINGHERE
157,23_03_SH_0022.JPG,12/1/18 10:37,SH,23,89,18/11/14,19/02/11,DEERWHITETAILED
158,04_26_WF_000013.JPG,12/1/18 11:48,WF,4,75,18/11/17,19/01/31,TURKEY
159,17_24_BC_000088.JPG,12/1/18 14:05,BC,17,109,18/11/15,19/03/04,SOMETHINGHERE
160,24_04_BC_0067.JPG,12/1/18 14:31,BC,24,109,18/11/15,19/03/04,SQUIRRELGRAY
161,11_13_BC_000073.JPG,12/1/18 17:10,BC,11,109,18/11/15,19/03/04,PORCUPINE
162,24_04_BC_0070.JPG,12/1/18 17:39,BC,24,109,18/11/15,19/03/04,DEERWHITETAILED
163,22_18_WF_0037.JPG,12/2/18 0:00,WF,22,75,18/11/17,19/01/31,FISHER
164,11_13_BC_000076.JPG,12/2/18 13:07,BC,11,109,18/11/15,19/03/04,SQUIRRELGRAY
165,09_25_WF_000004.JPG,12/2/18 13:26,WF,9,75,18/11/17,19/01/31,SQUIRRELGRAY
166,04_26_WF_000016.JPG,12/2/18 23:44,WF,4,75,18/11/17,19/01/31,NOTHINGHERE
167,33_01_WF_0022.JPG,12/3/18 0:05,WF,33,75,18/11/17,19/01/31,SOMETHINGHERE
168,23_03_SH_0025.JPG,12/3/18 0:53,SH,23,89,18/11/14,19/02/11,DEERWHITETAILED
169,33_01_WF_0025.JPG,12/3/18 3:41,WF,33,75,18/11/17,19/01/31,DEERWHITETAILED
170,33_01_WF_0028.JPG,12/3/18 3:42,WF,33,75,18/11/17,19/01/31,DEERWHITETAILED
171,33_01_WF_0031.JPG,12/3/18 3:54,WF,33,75,18/11/17,19/01/31,DEERWHITETAILED
172,22_18_WF_0040.JPG,12/3/18 7:09,WF,22,75,18/11/17,19/01/31,DEERWHITETAILED
173,22_18_WF_0043.JPG,12/3/18 7:19,WF,22,75,18/11/17,19/01/31,DEERWHITETAILED
174,17_24_BC_000091.JPG,12/3/18 9:53,BC,17,109,18/11/15,19/03/04,SQUIRRELGRAY
175,11_13_BC_000079.JPG,12/3/18 13:10,BC,11,109,18/11/15,19/03/04,SQUIRRELGRAY
176,17_24_BC_000094.JPG,12/3/18 14:02,BC,17,109,18/11/15,19/03/04,SQUIRRELGRAY
177,17_24_BC_000097.JPG,12/3/18 14:44,BC,17,109,18/11/15,19/03/04,SQUIRRELGRAY
178,24_04_BC_0073.JPG,12/3/18 16:48,BC,24,109,18/11/15,19/03/04,DEERWHITETAILED
179,29_19_DEG_0028.JPG,12/3/18 18:33,DEG,29,73,18/11/26,19/02/07,DEERWHITETAILED
180,29_19_DEG_0031.JPG,12/3/18 18:34,DEG,29,73,18/11/26,19/02/07,DEERWHITETAILED
181,29_19_DEG_0034.JPG,12/4/18 0:28,DEG,29,73,18/11/26,19/02/07,DEERWHITETAILED
182,24_04_BC_0076.JPG,12/4/18 2:31,BC,24,109,18/11/15,19/03/04,DEERWHITETAILED
183,33_01_WF_0037.JPG,12/4/18 2:57,WF,33,75,18/11/17,19/01/31,DEERWHITETAILED
184,24_04_BC_0079.JPG,12/4/18 3:03,BC,24,109,18/11/15,19/03/04,DEERWHITETAILED
185,33_01_WF_0040.JPG,12/4/18 3:24,WF,33,75,18/11/17,19/01/31,DEERWHITETAILED
186,21_21_DON_0006.JPG,12/4/18 5:30,DON,21,94,18/11/26,19/02/28,NOTHINGHERE
187,17_24_BC_000100.JPG,12/4/18 6:43,BC,17,109,18/11/15,19/03/04,SOMETHINGHERE
188,22_18_WF_0046.JPG,12/4/18 7:32,WF,22,75,18/11/17,19/01/31,DEERWHITETAILED
189,22_18_WF_0049.JPG,12/4/18 8:19,WF,22,75,18/11/17,19/01/31,DEERWHITETAILED
190,23_03_SH_0028.JPG,12/4/18 13:33,SH,23,89,18/11/14,19/02/11,SQUIRRELGRAY
191,15_14_DEG_000004.JPG,12/4/18 18:54,DEG,15,73,18/11/26,19/02/07,DEERWHITETAILED
192,15_14_DEG_000007.JPG,12/4/18 18:57,DEG,15,73,18/11/26,19/02/07,DEERWHITETAILED
193,33_01_WF_0043.JPG,12/4/18 19:24,WF,33,75,18/11/17,19/01/31,DEERWHITETAILED
194,33_01_WF_0046.JPG,12/4/18 19:27,WF,33,75,18/11/17,19/01/31,NOTHINGHERE
195,33_01_WF_0049.JPG,12/4/18 19:31,WF,33,75,18/11/17,19/01/31,SOMETHINGHERE
196,24_04_BC_0082.JPG,12/5/18 1:24,BC,24,109,18/11/15,19/03/04,DEERWHITETAILED
197,24_04_BC_0085.JPG,12/5/18 1:26,BC,24,109,18/11/15,19/03/04,DEERWHITETAILED
198,33_01_WF_0052.JPG,12/5/18 6:30,WF,33,75,18/11/17,19/01/31,DEERWHITETAILED
199,22_18_WF_0052.JPG,12/5/18 6:58,WF,22,75,18/11/17,19/01/31,FISHER
200,24_04_BC_0088.JPG,12/5/18 7:21,BC,24,109,18/11/15,19/03/04,DEERWHITETAILED
201,15_14_DEG_000013.JPG,12/5/18 13:58,DEG,15,73,18/11/26,19/02/07,HUMAN
202,11_13_BC_000082.JPG,12/5/18 17:30,BC,11,109,18/11/15,19/03/04,PORCUPINE
203,04_26_WF_000019.JPG,12/5/18 20:03,WF,4,75,18/11/17,19/01/31,DEERWHITETAILED
204,04_26_WF_000022.JPG,12/5/18 20:07,WF,4,75,18/11/17,19/01/31,DEERWHITETAILED
205,29_19_DEG_0037.JPG,12/6/18 7:32,DEG,29,73,18/11/26,19/02/07,SQUIRRELGRAY
206,33_01_WF_0055.JPG,12/6/18 9:03,WF,33,75,18/11/17,19/01/31,DEERWHITETAILED
207,17_24_BC_000103.JPG,12/6/18 16:22,BC,17,109,18/11/15,19/03/04,DEERWHITETAILED
208,29_19_DEG_0040.JPG,12/6/18 18:50,DEG,29,73,18/11/26,19/02/07,DEERWHITETAILED
209,31_06_WHIP_0007.JPG,12/7/18 2:38,WHIP,31,36,18/12/19,19/01/24,NOTHINGHERE
210,17_24_BC_000106.JPG,12/7/18 8:25,BC,17,109,18/11/15,19/03/04,DEERWHITETAILED
211,17_24_BC_000109.JPG,12/7/18 8:27,BC,17,109,18/11/15,19/03/04,DEERWHITETAILED
212,11_13_BC_000085.JPG,12/7/18 8:32,BC,11,109,18/11/15,19/03/04,NOTHINGHERE
213,22_18_WF_0055.JPG,12/7/18 8:40,WF,22,75,18/11/17,19/01/31,DEERWHITETAILED
214,22_18_WF_0058.JPG,12/7/18 8:41,WF,22,75,18/11/17,19/01/31,DEERWHITETAILED
215,17_24_BC_000112.JPG,12/7/18 9:49,BC,17,109,18/11/15,19/03/04,DEERWHITETAILED
216,17_24_BC_000115.JPG,12/7/18 9:50,BC,17,109,18/11/15,19/03/04,NOTHINGHERE
217,17_24_BC_000118.JPG,12/7/18 14:39,BC,17,109,18/11/15,19/03/04,DEERWHITETAILED
218,23_03_SH_0031.JPG,12/7/18 18:56,SH,23,89,18/11/14,19/02/11,FOXRED
219,33_01_WF_0058.JPG,12/7/18 19:26,WF,33,75,18/11/17,19/01/31,NOTHINGHERE
220,31_06_WHIP_0010.JPG,12/7/18 20:59,WHIP,31,36,18/12/19,19/01/24,NOTHINGHERE
221,31_06_WHIP_0013.JPG,12/7/18 21:00,WHIP,31,36,18/12/19,19/01/24,NOTHINGHERE
222,18_16_WHIP_000001.JPG,12/7/18 22:56,WHIP,18,37,18/12/18,19/01/24,NOTHINGHERE
223,31_06_WHIP_0016.JPG,12/7/18 23:00,WHIP,31,36,18/12/19,19/01/24,NOTHINGHERE
224,31_06_WHIP_0019.JPG,12/7/18 23:02,WHIP,31,36,18/12/19,19/01/24,NOTHINGHERE
225,17_24_BC_000121.JPG,12/8/18 1:55,BC,17,109,18/11/15,19/03/04,DEERWHITETAILED
226,15_14_DEG_000016.JPG,12/8/18 8:18,DEG,15,73,18/11/26,19/02/07,DEERWHITETAILED
227,29_19_DEG_0043.JPG,12/8/18 9:27,DEG,29,73,18/11/26,19/02/07,DEERWHITETAILED
228,17_24_BC_000124.JPG,12/8/18 10:01,BC,17,109,18/11/15,19/03/04,DEERWHITETAILED
229,15_14_DEG_000019.JPG,12/8/18 10:53,DEG,15,73,18/11/26,19/02/07,HUMAN
230,11_13_BC_000088.JPG,12/8/18 11:57,BC,11,109,18/11/15,19/03/04,SQUIRRELGRAY
231,22_18_WF_0061.JPG,12/8/18 14:24,WF,22,75,18/11/17,19/01/31,DEERWHITETAILED
232,32_17_WHIP_0001.JPG,12/8/18 21:51,WHIP,32,38,18/12/17,19/01/24,DEERWHITETAILED
233,15_14_DEG_000022.JPG,12/9/18 3:47,DEG,15,73,18/11/26,19/02/07,DEERWHITETAILED
234,17_24_BC_000127.JPG,12/9/18 12:46,BC,17,109,18/11/15,19/03/04,DEERWHITETAILED
235,04_26_WF_000025.JPG,12/9/18 17:22,WF,4,75,18/11/17,19/01/31,DEERWHITETAILED
236,23_03_SH_0034.JPG,12/10/18 2:05,SH,23,89,18/11/14,19/02/11,NOTHINGHERE
237,33_01_WF_0061.JPG,12/10/18 4:47,WF,33,75,18/11/17,19/01/31,COYOTE
238,25_09_SH_0069.JPG,12/10/18 4:56,SH,25,89,18/11/14,19/02/11,FOXRED
239,33_01_WF_0064.JPG,12/10/18 7:38,WF,33,75,18/11/17,19/01/31,DEERWHITETAILED
240,11_13_BC_000091.JPG,12/10/18 13:23,BC,11,109,18/11/15,19/03/04,SQUIRRELGRAY
241,11_13_BC_000094.JPG,12/10/18 13:37,BC,11,109,18/11/15,19/03/04,SQUIRRELGRAY
242,25_09_SH_0072.JPG,12/10/18 13:42,SH,25,89,18/11/14,19/02/11,SQUIRRELRED
243,11_13_BC_000097.JPG,12/10/18 13:44,BC,11,109,18/11/15,19/03/04,SQUIRRELGRAY
244,33_01_WF_0067.JPG,12/11/18 8:53,WF,33,75,18/11/17,19/01/31,COYOTE
245,22_18_WF_0064.JPG,12/11/18 18:53,WF,22,75,18/11/17,19/01/31,COYOTE
246,31_06_WHIP_0022.JPG,12/11/18 23:18,WHIP,31,36,18/12/19,19/01/24,DEERWHITETAILED
247,15_14_DEG_000025.JPG,12/12/18 9:02,DEG,15,73,18/11/26,19/02/07,DEERWHITETAILED
248,11_13_BC_000100.JPG,12/12/18 12:05,BC,11,109,18/11/15,19/03/04,SQUIRRELGRAY
249,11_13_BC_000103.JPG,12/12/18 12:12,BC,11,109,18/11/15,19/03/04,NOTHINGHERE
250,11_13_BC_000106.JPG,12/12/18 12:15,BC,11,109,18/11/15,19/03/04,NOTHINGHERE
251,11_13_BC_000109.JPG,12/12/18 12:27,BC,11,109,18/11/15,19/03/04,SQUIRRELGRAY
252,31_06_WHIP_0025.JPG,12/13/18 0:36,WHIP,31,36,18/12/19,19/01/24,NOTHINGHERE
253,29_19_DEG_0046.JPG,12/13/18 7:01,DEG,29,73,18/11/26,19/02/07,SOMETHINGHERE
254,17_24_BC_000130.JPG,12/13/18 10:18,BC,17,109,18/11/15,19/03/04,DEERWHITETAILED
255,17_24_BC_000133.JPG,12/13/18 10:20,BC,17,109,18/11/15,19/03/04,DEERWHITETAILED
256,14_22_DON_000001.JPG,12/13/18 14:34,DON,14,74,18/12/13,19/02/25,SOMETHINGHERE
257,14_22_DON_000004.JPG,12/13/18 18:06,DON,14,74,18/12/13,19/02/25,DEERWHITETAILED
258,33_01_WF_0070.JPG,12/13/18 18:18,WF,33,75,18/11/17,19/01/31,FISHER
259,22_18_WF_0067.JPG,12/13/18 18:44,WF,22,75,18/11/17,19/01/31,DEERWHITETAILED
260,22_18_WF_0070.JPG,12/13/18 18:46,WF,22,75,18/11/17,19/01/31,DEERWHITETAILED
261,17_24_BC_000136.JPG,12/14/18 15:02,BC,17,109,18/11/15,19/03/04,DEERWHITETAILED
262,29_19_DEG_0049.JPG,12/14/18 19:14,DEG,29,73,18/11/26,19/02/07,DEERWHITETAILED
263,11_13_BC_000112.JPG,12/14/18 23:43,BC,11,109,18/11/15,19/03/04,OTHERSMALLMAMMAL
264,18_16_WHIP_000004.JPG,12/15/18 1:30,WHIP,18,37,18/12/18,19/01/24,FISHER
265,15_14_DEG_000028.JPG,12/15/18 1:31,DEG,15,73,18/11/26,19/02/07,NOTHINGHERE
266,29_19_DEG_0052.JPG,12/15/18 6:10,DEG,29,73,18/11/26,19/02/07,DEERWHITETAILED
267,29_19_DEG_0055.JPG,12/15/18 6:12,DEG,29,73,18/11/26,19/02/07,DEERWHITETAILED
268,29_19_DEG_0061.JPG,12/15/18 6:14,DEG,29,73,18/11/26,19/02/07,DEERWHITETAILED
269,15_14_DEG_000031.JPG,12/15/18 6:52,DEG,15,73,18/11/26,19/02/07,COYOTE
270,29_19_DEG_0064.JPG,12/15/18 7:34,DEG,29,73,18/11/26,19/02/07,DEERWHITETAILED
271,33_01_WF_0073.JPG,12/15/18 11:30,WF,33,75,18/11/17,19/01/31,DEERWHITETAILED
272,14_22_DON_000007.JPG,12/15/18 12:00,DON,14,74,18/12/13,19/02/25,NOTHINGHERE
273,14_22_DON_000010.JPG,12/15/18 13:22,DON,14,74,18/12/13,19/02/25,NOTHINGHERE
274,23_03_SH_0037.JPG,12/15/18 17:15,SH,23,89,18/11/14,19/02/11,RACCOON
275,22_18_WF_0073.JPG,12/15/18 17:39,WF,22,75,18/11/17,19/01/31,FISHER
276,18_16_WHIP_000007.JPG,12/15/18 18:39,WHIP,18,37,18/12/18,19/01/24,RACCOON
277,11_13_BC_000115.JPG,12/15/18 18:53,BC,11,109,18/11/15,19/03/04,PORCUPINE
278,18_16_WHIP_000010.JPG,12/15/18 20:15,WHIP,18,37,18/12/18,19/01/24,RACCOON
279,18_16_WHIP_000013.JPG,12/15/18 20:17,WHIP,18,37,18/12/18,19/01/24,RACCOON
280,14_22_DON_000013.JPG,12/16/18 0:48,DON,14,74,18/12/13,19/02/25,RACCOON
281,22_18_WF_0076.JPG,12/16/18 5:26,WF,22,75,18/11/17,19/01/31,SOMETHINGHERE
282,32_17_WHIP_0004.JPG,12/16/18 5:58,WHIP,32,38,18/12/17,19/01/24,DEERWHITETAILED
283,32_17_WHIP_0007.JPG,12/16/18 5:59,WHIP,32,38,18/12/17,19/01/24,DEERWHITETAILED
284,32_17_WHIP_0010.JPG,12/16/18 6:00,WHIP,32,38,18/12/17,19/01/24,DEERWHITETAILED
285,32_17_WHIP_0013.JPG,12/16/18 6:17,WHIP,32,38,18/12/17,19/01/24,DEERWHITETAILED
286,32_17_WHIP_0016.JPG,12/16/18 6:21,WHIP,32,38,18/12/17,19/01/24,DEERWHITETAILED
287,32_17_WHIP_0019.JPG,12/16/18 6:28,WHIP,32,38,18/12/17,19/01/24,DEERWHITETAILED
288,32_17_WHIP_0022.JPG,12/16/18 6:29,WHIP,32,38,18/12/17,19/01/24,DEERWHITETAILED
289,29_19_DEG_0067.JPG,12/16/18 7:09,DEG,29,73,18/11/26,19/02/07,DEERWHITETAILED
290,29_19_DEG_0070.JPG,12/16/18 7:10,DEG,29,73,18/11/26,19/02/07,DEERWHITETAILED
291,15_14_DEG_000034.JPG,12/16/18 7:21,DEG,15,73,18/11/26,19/02/07,DEERWHITETAILED
292,17_24_BC_000139.JPG,12/16/18 7:46,BC,17,109,18/11/15,19/03/04,DEERWHITETAILED
293,17_24_BC_000142.JPG,12/16/18 7:48,BC,17,109,18/11/15,19/03/04,DEERWHITETAILED
294,17_24_BC_000145.JPG,12/16/18 7:50,BC,17,109,18/11/15,19/03/04,DEERWHITETAILED
295,23_03_SH_0040.JPG,12/16/18 8:45,SH,23,89,18/11/14,19/02/11,COYOTE
296,29_19_DEG_0073.JPG,12/16/18 8:54,DEG,29,73,18/11/26,19/02/07,SQUIRRELRED
297,15_14_DEG_000037.JPG,12/16/18 9:39,DEG,15,73,18/11/26,19/02/07,DEERWHITETAILED
298,29_19_DEG_0076.JPG,12/16/18 11:27,DEG,29,73,18/11/26,19/02/07,SQUIRRELRED
299,15_14_DEG_000040.JPG,12/16/18 12:14,DEG,15,73,18/11/26,19/02/07,DEERWHITETAILED
300,15_14_DEG_000043.JPG,12/16/18 12:15,DEG,15,73,18/11/26,19/02/07,DEERWHITETAILED
301,23_03_SH_0043.JPG,12/16/18 13:00,SH,23,89,18/11/14,19/02/11,DEERWHITETAILED
302,23_03_SH_0046.JPG,12/16/18 13:02,SH,23,89,18/11/14,19/02/11,DEERWHITETAILED
303,23_03_SH_0049.JPG,12/16/18 13:06,SH,23,89,18/11/14,19/02/11,DEERWHITETAILED
304,23_03_SH_0052.JPG,12/16/18 13:18,SH,23,89,18/11/14,19/02/11,DEERWHITETAILED
305,11_13_BC_000121.JPG,12/16/18 13:44,BC,11,109,18/11/15,19/03/04,SQUIRRELGRAY
306,17_24_BC_000148.JPG,12/16/18 14:29,BC,17,109,18/11/15,19/03/04,SQUIRRELGRAY
307,17_24_BC_000151.JPG,12/16/18 14:35,BC,17,109,18/11/15,19/03/04,NOTHINGHERE
308,17_24_BC_000154.JPG,12/16/18 14:56,BC,17,109,18/11/15,19/03/04,NOTHINGHERE
309,14_22_DON_000016.JPG,12/16/18 17:12,DON,14,74,18/12/13,19/02/25,DEERWHITETAILED
310,29_19_DEG_0079.JPG,12/16/18 17:30,DEG,29,73,18/11/26,19/02/07,DEERWHITETAILED
311,29_19_DEG_0082.JPG,12/16/18 18:33,DEG,29,73,18/11/26,19/02/07,DEERWHITETAILED
312,29_19_DEG_0085.JPG,12/16/18 18:34,DEG,29,73,18/11/26,19/02/07,DEERWHITETAILED
313,29_19_DEG_0088.JPG,12/16/18 18:37,DEG,29,73,18/11/26,19/02/07,DEERWHITETAILED
314,14_22_DON_000019.JPG,12/16/18 19:18,DON,14,74,18/12/13,19/02/25,DEERWHITETAILED
315,14_22_DON_000022.JPG,12/16/18 19:25,DON,14,74,18/12/13,19/02/25,NOTHINGHERE
316,29_19_DEG_0091.JPG,12/16/18 20:54,DEG,29,73,18/11/26,19/02/07,DEERWHITETAILED
317,11_13_BC_000124.JPG,12/17/18 5:04,BC,11,109,18/11/15,19/03/04,NOTHINGHERE
318,23_03_SH_0055.JPG,12/17/18 7:49,SH,23,89,18/11/14,19/02/11,SOMETHINGHERE
319,22_18_WF_0079.JPG,12/17/18 8:54,WF,22,75,18/11/17,19/01/31,DEERWHITETAILED
320,32_17_WHIP_0025.JPG,12/17/18 9:57,WHIP,32,38,18/12/17,19/01/24,SQUIRRELGRAY
321,22_18_WF_0082.JPG,12/17/18 13:35,WF,22,75,18/11/17,19/01/31,FOXRED
322,11_13_BC_000127.JPG,12/17/18 14:19,BC,11,109,18/11/15,19/03/04,NOTHINGHERE
323,17_24_BC_000157.JPG,12/17/18 21:15,BC,17,109,18/11/15,19/03/04,DEERWHITETAILED
324,15_14_DEG_000046.JPG,12/17/18 22:16,DEG,15,73,18/11/26,19/02/07,DEERWHITETAILED
325,15_14_DEG_000049.JPG,12/17/18 22:19,DEG,15,73,18/11/26,19/02/07,DEERWHITETAILED
326,15_14_DEG_000052.JPG,12/18/18 5:21,DEG,15,73,18/11/26,19/02/07,SOMETHINGHERE
327,14_22_DON_000025.JPG,12/18/18 7:23,DON,14,74,18/12/13,19/02/25,DEERWHITETAILED
328,33_01_WF_0079.JPG,12/18/18 9:19,WF,33,75,18/11/17,19/01/31,DEERWHITETAILED
329,33_01_WF_0082.JPG,12/18/18 9:27,WF,33,75,18/11/17,19/01/31,DEERWHITETAILED
330,33_01_WF_0085.JPG,12/18/18 10:34,WF,33,75,18/11/17,19/01/31,DEERWHITETAILED
331,33_01_WF_0088.JPG,12/18/18 10:42,WF,33,75,18/11/17,19/01/31,DEERWHITETAILED
332,33_01_WF_0091.JPG,12/18/18 10:43,WF,33,75,18/11/17,19/01/31,DEERWHITETAILED
333,33_01_WF_0094.JPG,12/18/18 10:55,WF,33,75,18/11/17,19/01/31,DEERWHITETAILED
334,33_01_WF_0097.JPG,12/18/18 10:56,WF,33,75,18/11/17,19/01/31,DEERWHITETAILED
335,11_13_BC_000130.JPG,12/18/18 13:22,BC,11,109,18/11/15,19/03/04,SQUIRRELGRAY
336,25_09_SH_0075.JPG,12/18/18 15:18,SH,25,89,18/11/14,19/02/11,DEERWHITETAILED
337,23_03_SH_0058.JPG,12/18/18 15:21,SH,23,89,18/11/14,19/02/11,OTHERBIRD
338,33_01_WF_0100.JPG,12/18/18 15:40,WF,33,75,18/11/17,19/01/31,DEERWHITETAILED
339,14_22_DON_000028.JPG,12/18/18 16:00,DON,14,74,18/12/13,19/02/25,DEERWHITETAILED
340,22_18_WF_0085.JPG,12/18/18 18:55,WF,22,75,18/11/17,19/01/31,COYOTE
341,22_18_WF_0088.JPG,12/18/18 21:30,WF,22,75,18/11/17,19/01/31,DEERWHITETAILED
342,14_22_DON_000031.JPG,12/18/18 23:06,DON,14,74,18/12/13,19/02/25,DEERWHITETAILED
343,15_14_DEG_000055.JPG,12/18/18 23:07,DEG,15,73,18/11/26,19/02/07,DEERWHITETAILED
344,14_22_DON_000034.JPG,12/19/18 6:20,DON,14,74,18/12/13,19/02/25,DEERWHITETAILED
345,15_14_DEG_000058.JPG,12/19/18 7:13,DEG,15,73,18/11/26,19/02/07,DEERWHITETAILED
346,15_14_DEG_000061.JPG,12/19/18 7:38,DEG,15,73,18/11/26,19/02/07,DEERWHITETAILED
347,15_14_DEG_000064.JPG,12/19/18 7:39,DEG,15,73,18/11/26,19/02/07,DEERWHITETAILED
348,15_14_DEG_000067.JPG,12/19/18 7:41,DEG,15,73,18/11/26,19/02/07,DEERWHITETAILED
349,14_22_DON_000037.JPG,12/19/18 7:58,DON,14,74,18/12/13,19/02/25,DEERWHITETAILED
350,14_22_DON_000040.JPG,12/19/18 8:04,DON,14,74,18/12/13,19/02/25,DEERWHITETAILED
351,15_14_DEG_000070.JPG,12/19/18 8:35,DEG,15,73,18/11/26,19/02/07,NOTHINGHERE
352,14_22_DON_000043.JPG,12/19/18 15:06,DON,14,74,18/12/13,19/02/25,NOTHINGHERE
353,15_14_DEG_000073.JPG,12/19/18 20:46,DEG,15,73,18/11/26,19/02/07,DEERWHITETAILED
354,15_14_DEG_000076.JPG,12/19/18 20:47,DEG,15,73,18/11/26,19/02/07,DEERWHITETAILED
355,21_21_DON_0009.JPG,12/20/18 0:44,DON,21,94,18/11/26,19/02/28,SOMETHINGHERE
356,15_14_DEG_000079.JPG,12/20/18 1:12,DEG,15,73,18/11/26,19/02/07,DEERWHITETAILED
357,15_14_DEG_000082.JPG,12/20/18 2:10,DEG,15,73,18/11/26,19/02/07,DEERWHITETAILED
358,22_18_WF_0091.JPG,12/20/18 8:43,WF,22,75,18/11/17,19/01/31,DEERWHITETAILED
359,15_14_DEG_000085.JPG,12/20/18 9:17,DEG,15,73,18/11/26,19/02/07,DEERWHITETAILED
360,14_22_DON_000046.JPG,12/20/18 9:38,DON,14,74,18/12/13,19/02/25,DEERWHITETAILED
361,33_01_WF_0103.JPG,12/20/18 10:27,WF,33,75,18/11/17,19/01/31,DEERWHITETAILED
362,11_13_BC_000133.JPG,12/20/18 13:00,BC,11,109,18/11/15,19/03/04,SQUIRRELGRAY
363,15_14_DEG_000088.JPG,12/20/18 15:43,DEG,15,73,18/11/26,19/02/07,DEERWHITETAILED
364,15_14_DEG_000091.JPG,12/20/18 15:45,DEG,15,73,18/11/26,19/02/07,DEERWHITETAILED
365,11_13_BC_000136.JPG,12/20/18 19:10,BC,11,109,18/11/15,19/03/04,NOTHINGHERE
366,29_19_DEG_0094.JPG,12/20/18 20:04,DEG,29,73,18/11/26,19/02/07,DEERWHITETAILED
367,29_19_DEG_0097.JPG,12/20/18 20:21,DEG,29,73,18/11/26,19/02/07,DEERWHITETAILED
368,18_16_WHIP_000016.JPG,12/21/18 0:44,WHIP,18,37,18/12/18,19/01/24,DEERWHITETAILED
369,18_16_WHIP_000019.JPG,12/21/18 0:50,WHIP,18,37,18/12/18,19/01/24,DEERWHITETAILED
370,15_14_DEG_000094.JPG,12/21/18 1:20,DEG,15,73,18/11/26,19/02/07,DEERWHITETAILED
371,29_19_DEG_0103.JPG,12/21/18 1:46,DEG,29,73,18/11/26,19/02/07,DEERWHITETAILED
372,21_21_DON_0012.JPG,12/21/18 6:39,DON,21,94,18/11/26,19/02/28,NOTHINGHERE
373,21_21_DON_0015.JPG,12/21/18 6:55,DON,21,94,18/11/26,19/02/28,NOTHINGHERE
374,29_19_DEG_0106.JPG,12/21/18 7:05,DEG,29,73,18/11/26,19/02/07,DEERWHITETAILED
375,22_18_WF_0094.JPG,12/21/18 9:30,WF,22,75,18/11/17,19/01/31,DEERWHITETAILED
376,22_18_WF_0097.JPG,12/21/18 9:53,WF,22,75,18/11/17,19/01/31,DEERWHITETAILED
377,22_18_WF_0100.JPG,12/21/18 9:54,WF,22,75,18/11/17,19/01/31,DEERWHITETAILED
378,22_18_WF_0103.JPG,12/21/18 10:00,WF,22,75,18/11/17,19/01/31,DEERWHITETAILED
379,14_22_DON_000049.JPG,12/21/18 11:37,DON,14,74,18/12/13,19/02/25,DEERWHITETAILED
380,11_13_BC_000139.JPG,12/21/18 16:58,BC,11,109,18/11/15,19/03/04,TURKEY
381,14_22_DON_000052.JPG,12/21/18 18:25,DON,14,74,18/12/13,19/02/25,DEERWHITETAILED
382,22_18_WF_0106.JPG,12/21/18 21:08,WF,22,75,18/11/17,19/01/31,NOTHINGHERE
383,22_18_WF_0109.JPG,12/22/18 2:33,WF,22,75,18/11/17,19/01/31,DEERWHITETAILED
384,11_13_BC_000142.JPG,12/22/18 7:20,BC,11,109,18/11/15,19/03/04,TURKEY
385,29_19_DEG_0112.JPG,12/22/18 8:21,DEG,29,73,18/11/26,19/02/07,DEERWHITETAILED
386,17_24_BC_000160.JPG,12/22/18 9:22,BC,17,109,18/11/15,19/03/04,SQUIRRELGRAY
387,17_24_BC_000163.JPG,12/22/18 9:28,BC,17,109,18/11/15,19/03/04,SQUIRRELGRAY
388,29_19_DEG_0115.JPG,12/22/18 15:02,DEG,29,73,18/11/26,19/02/07,DEERWHITETAILED
389,04_26_WF_000028.JPG,12/22/18 15:25,WF,4,75,18/11/17,19/01/31,DEERWHITETAILED
390,15_14_DEG_000097.JPG,12/22/18 15:54,DEG,15,73,18/11/26,19/02/07,DEERWHITETAILED
391,15_14_DEG_000100.JPG,12/22/18 15:56,DEG,15,73,18/11/26,19/02/07,DEERWHITETAILED
392,29_19_DEG_0118.JPG,12/22/18 16:04,DEG,29,73,18/11/26,19/02/07,DEERWHITETAILED
393,29_19_DEG_0121.JPG,12/22/18 16:05,DEG,29,73,18/11/26,19/02/07,DEERWHITETAILED
394,29_19_DEG_0127.JPG,12/22/18 16:07,DEG,29,73,18/11/26,19/02/07,DEERWHITETAILED
395,29_19_DEG_0130.JPG,12/22/18 16:08,DEG,29,73,18/11/26,19/02/07,DEERWHITETAILED
396,29_19_DEG_0133.JPG,12/22/18 16:09,DEG,29,73,18/11/26,19/02/07,DEERWHITETAILED
397,29_19_DEG_0136.JPG,12/22/18 17:47,DEG,29,73,18/11/26,19/02/07,NOTHINGHERE
398,15_14_DEG_000103.JPG,12/23/18 7:32,DEG,15,73,18/11/26,19/02/07,DEERWHITETAILED
399,29_19_DEG_0139.JPG,12/23/18 7:33,DEG,29,73,18/11/26,19/02/07,DEERWHITETAILED
400,29_19_DEG_0142.JPG,12/23/18 7:59,DEG,29,73,18/11/26,19/02/07,DEERWHITETAILED
401,29_19_DEG_0145.JPG,12/23/18 8:00,DEG,29,73,18/11/26,19/02/07,DEERWHITETAILED
402,29_19_DEG_0148.JPG,12/23/18 8:51,DEG,29,73,18/11/26,19/02/07,NOTHINGHERE
403,17_24_BC_000166.JPG,12/23/18 9:47,BC,17,109,18/11/15,19/03/04,NOTHINGHERE
404,17_24_BC_000169.JPG,12/23/18 9:49,BC,17,109,18/11/15,19/03/04,DEERWHITETAILED
405,17_24_BC_000172.JPG,12/23/18 9:51,BC,17,109,18/11/15,19/03/04,DEERWHITETAILED
406,33_01_WF_0106.JPG,12/23/18 13:25,WF,33,75,18/11/17,19/01/31,DEERWHITETAILED
407,18_16_WHIP_000022.JPG,12/23/18 15:57,WHIP,18,37,18/12/18,19/01/24,DEERWHITETAILED
408,32_17_WHIP_0028.JPG,12/23/18 18:11,WHIP,32,38,18/12/17,19/01/24,FISHER
409,29_19_DEG_0151.JPG,12/23/18 21:14,DEG,29,73,18/11/26,19/02/07,DEERWHITETAILED
410,15_14_DEG_000106.JPG,12/23/18 21:18,DEG,15,73,18/11/26,19/02/07,COYOTE
411,29_19_DEG_0160.JPG,12/23/18 21:21,DEG,29,73,18/11/26,19/02/07,DEERWHITETAILED
412,29_19_DEG_0163.JPG,12/23/18 21:22,DEG,29,73,18/11/26,19/02/07,DEERWHITETAILED
413,29_19_DEG_0166.JPG,12/23/18 21:47,DEG,29,73,18/11/26,19/02/07,DEERWHITETAILED
414,22_18_WF_0112.JPG,12/24/18 2:32,WF,22,75,18/11/17,19/01/31,FISHER
415,14_22_DON_000055.JPG,12/24/18 4:00,DON,14,74,18/12/13,19/02/25,DEERWHITETAILED
416,22_18_WF_0115.JPG,12/24/18 4:57,WF,22,75,18/11/17,19/01/31,FISHER
417,23_03_SH_0061.JPG,12/24/18 13:53,SH,23,89,18/11/14,19/02/11,DEERWHITETAILED
418,23_03_SH_0064.JPG,12/24/18 13:54,SH,23,89,18/11/14,19/02/11,DEERWHITETAILED
419,11_13_BC_000145.JPG,12/24/18 14:41,BC,11,109,18/11/15,19/03/04,BOBCAT
420,29_19_DEG_0169.JPG,12/24/18 20:37,DEG,29,73,18/11/26,19/02/07,DEERWHITETAILED
421,29_19_DEG_0172.JPG,12/24/18 21:12,DEG,29,73,18/11/26,19/02/07,DEERWHITETAILED
422,29_19_DEG_0175.JPG,12/24/18 21:14,DEG,29,73,18/11/26,19/02/07,DEERWHITETAILED
423,29_19_DEG_0178.JPG,12/24/18 21:37,DEG,29,73,18/11/26,19/02/07,DEERWHITETAILED
424,29_19_DEG_0181.JPG,12/24/18 21:38,DEG,29,73,18/11/26,19/02/07,DEERWHITETAILED
425,29_19_DEG_0184.JPG,12/25/18 5:19,DEG,29,73,18/11/26,19/02/07,SOMETHINGHERE
426,17_24_BC_000175.JPG,12/25/18 8:32,BC,17,109,18/11/15,19/03/04,DEERWHITETAILED
427,15_14_DEG_000109.JPG,12/25/18 9:34,DEG,15,73,18/11/26,19/02/07,DEERWHITETAILED
428,15_14_DEG_000112.JPG,12/25/18 9:37,DEG,15,73,18/11/26,19/02/07,DEERWHITETAILED
429,23_03_SH_0067.JPG,12/25/18 11:40,SH,23,89,18/11/14,19/02/11,DEERWHITETAILED
430,23_03_SH_0070.JPG,12/25/18 11:41,SH,23,89,18/11/14,19/02/11,DEERWHITETAILED
431,17_24_BC_000178.JPG,12/25/18 12:20,BC,17,109,18/11/15,19/03/04,DEERWHITETAILED
432,22_18_WF_0118.JPG,12/25/18 12:23,WF,22,75,18/11/17,19/01/31,DEERWHITETAILED
433,18_16_WHIP_000025.JPG,12/25/18 13:42,WHIP,18,37,18/12/18,19/01/24,DEERWHITETAILED
434,29_19_DEG_0187.JPG,12/25/18 15:05,DEG,29,73,18/11/26,19/02/07,DEERWHITETAILED
435,22_18_WF_0121.JPG,12/25/18 15:38,WF,22,75,18/11/17,19/01/31,DEERWHITETAILED
436,29_19_DEG_0190.JPG,12/25/18 15:50,DEG,29,73,18/11/26,19/02/07,DEERWHITETAILED
437,29_19_DEG_0193.JPG,12/25/18 15:56,DEG,29,73,18/11/26,19/02/07,DEERWHITETAILED
438,29_19_DEG_0196.JPG,12/25/18 15:59,DEG,29,73,18/11/26,19/02/07,DEERWHITETAILED
439,29_19_DEG_0199.JPG,12/25/18 16:01,DEG,29,73,18/11/26,19/02/07,DEERWHITETAILED
440,33_01_WF_0109.JPG,12/25/18 17:53,WF,33,75,18/11/17,19/01/31,NOTHINGHERE
441,15_14_DEG_000118.JPG,12/25/18 21:35,DEG,15,73,18/11/26,19/02/07,DEERWHITETAILED
442,15_14_DEG_000121.JPG,12/25/18 21:41,DEG,15,73,18/11/26,19/02/07,DEERWHITETAILED
443,17_24_BC_000181.JPG,12/25/18 23:23,BC,17,109,18/11/15,19/03/04,DEERWHITETAILED
444,31_06_WHIP_0028.JPG,12/25/18 23:38,WHIP,31,36,18/12/19,19/01/24,SOMETHINGHERE
445,21_21_DON_0018.JPG,12/25/18 23:41,DON,21,94,18/11/26,19/02/28,NOTHINGHERE
446,15_14_DEG_000124.JPG,12/26/18 6:53,DEG,15,73,18/11/26,19/02/07,DEERWHITETAILED
447,22_18_WF_0124.JPG,12/26/18 8:29,WF,22,75,18/11/17,19/01/31,COYOTE
448,17_24_BC_000184.JPG,12/26/18 8:54,BC,17,109,18/11/15,19/03/04,DEERWHITETAILED
449,15_14_DEG_000127.JPG,12/26/18 15:56,DEG,15,73,18/11/26,19/02/07,TURKEY
450,18_16_WHIP_000028.JPG,12/26/18 16:41,WHIP,18,37,18/12/18,19/01/24,DEERWHITETAILED
451,04_26_WF_000031.JPG,12/26/18 17:45,WF,4,75,18/11/17,19/01/31,SOMETHINGHERE
452,14_22_DON_000058.JPG,12/26/18 19:28,DON,14,74,18/12/13,19/02/25,DEERWHITETAILED
453,22_18_WF_0127.JPG,12/27/18 3:46,WF,22,75,18/11/17,19/01/31,DEERWHITETAILED
454,04_26_WF_000034.JPG,12/27/18 8:14,WF,4,75,18/11/17,19/01/31,DEERWHITETAILED
455,04_26_WF_000037.JPG,12/27/18 13:20,WF,4,75,18/11/17,19/01/31,DOMESTICDOG
456,14_22_DON_000061.JPG,12/27/18 16:28,DON,14,74,18/12/13,19/02/25,DEERWHITETAILED
457,23_03_SH_0073.JPG,12/27/18 17:49,SH,23,89,18/11/14,19/02/11,NOTHINGHERE
458,18_16_WHIP_000031.JPG,12/27/18 19:42,WHIP,18,37,18/12/18,19/01/24,DEERWHITETAILED
459,18_16_WHIP_000034.JPG,12/27/18 19:45,WHIP,18,37,18/12/18,19/01/24,DEERWHITETAILED
460,14_22_DON_000064.JPG,12/27/18 21:00,DON,14,74,18/12/13,19/02/25,SOMETHINGHERE
461,29_19_DEG_0202.JPG,12/28/18 5:17,DEG,29,73,18/11/26,19/02/07,DEERWHITETAILED
462,29_19_DEG_0205.JPG,12/28/18 5:40,DEG,29,73,18/11/26,19/02/07,DEERWHITETAILED
463,29_19_DEG_0208.JPG,12/28/18 6:02,DEG,29,73,18/11/26,19/02/07,DEERWHITETAILED
464,29_19_DEG_0211.JPG,12/28/18 6:03,DEG,29,73,18/11/26,19/02/07,DEERWHITETAILED
465,29_19_DEG_0214.JPG,12/28/18 10:20,DEG,29,73,18/11/26,19/02/07,DEERWHITETAILED
466,25_09_SH_0078.JPG,12/28/18 11:37,SH,25,89,18/11/14,19/02/11,SQUIRRELGRAY
467,25_09_SH_0081.JPG,12/28/18 14:20,SH,25,89,18/11/14,19/02/11,NOTHINGHERE
468,29_19_DEG_0217.JPG,12/28/18 19:14,DEG,29,73,18/11/26,19/02/07,PORCUPINE
469,32_17_WHIP_0031.JPG,12/29/18 5:51,WHIP,32,38,18/12/17,19/01/24,NOTHINGHERE
470,23_03_SH_0076.JPG,12/29/18 9:38,SH,23,89,18/11/14,19/02/11,NOTHINGHERE
471,17_24_BC_000187.JPG,12/29/18 10:10,BC,17,109,18/11/15,19/03/04,DEERWHITETAILED
472,15_14_DEG_000130.JPG,12/29/18 13:11,DEG,15,73,18/11/26,19/02/07,SOMETHINGHERE
473,29_19_DEG_0220.JPG,12/29/18 14:24,DEG,29,73,18/11/26,19/02/07,DEERWHITETAILED
474,04_26_WF_000040.JPG,12/29/18 14:54,WF,4,75,18/11/17,19/01/31,COYOTE
475,32_17_WHIP_0034.JPG,12/29/18 17:17,WHIP,32,38,18/12/17,19/01/24,DEERWHITETAILED
476,22_18_WF_0130.JPG,12/29/18 20:07,WF,22,75,18/11/17,19/01/31,DEERWHITETAILED
477,31_06_WHIP_0031.JPG,12/30/18 1:06,WHIP,31,36,18/12/19,19/01/24,DEERWHITETAILED
478,23_03_SH_0079.JPG,12/30/18 1:45,SH,23,89,18/11/14,19/02/11,DEERWHITETAILED
479,31_06_WHIP_0034.JPG,12/30/18 8:32,WHIP,31,36,18/12/19,19/01/24,DEERWHITETAILED
480,18_16_WHIP_000037.JPG,12/30/18 8:53,WHIP,18,37,18/12/18,19/01/24,DEERWHITETAILED
481,33_01_WF_0112.JPG,12/30/18 9:44,WF,33,75,18/11/17,19/01/31,DEERWHITETAILED
482,17_24_BC_000190.JPG,12/30/18 10:24,BC,17,109,18/11/15,19/03/04,NOTHINGHERE
483,33_01_WF_0115.JPG,12/30/18 11:49,WF,33,75,18/11/17,19/01/31,DEERWHITETAILED
484,11_13_BC_000148.JPG,12/30/18 18:12,BC,11,109,18/11/15,19/03/04,PORCUPINE
485,11_13_BC_000151.JPG,12/30/18 18:23,BC,11,109,18/11/15,19/03/04,PORCUPINE
486,18_16_WHIP_000040.JPG,12/31/18 1:16,WHIP,18,37,18/12/18,19/01/24,FISHER
487,29_19_DEG_0223.JPG,12/31/18 3:05,DEG,29,73,18/11/26,19/02/07,DEERWHITETAILED
488,31_06_WHIP_0037.JPG,12/31/18 5:41,WHIP,31,36,18/12/19,19/01/24,SOMETHINGHERE
489,29_19_DEG_0226.JPG,12/31/18 6:46,DEG,29,73,18/11/26,19/02/07,DEERWHITETAILED
490,17_24_BC_000193.JPG,12/31/18 7:02,BC,17,109,18/11/15,19/03/04,DEERWHITETAILED
491,17_24_BC_000196.JPG,12/31/18 7:05,BC,17,109,18/11/15,19/03/04,NOTHINGHERE
492,14_22_DON_000067.JPG,12/31/18 8:12,DON,14,74,18/12/13,19/02/25,DEERWHITETAILED
493,33_01_WF_0121.JPG,12/31/18 8:35,WF,33,75,18/11/17,19/01/31,DEERWHITETAILED
494,33_01_WF_0124.JPG,12/31/18 8:41,WF,33,75,18/11/17,19/01/31,DEERWHITETAILED
495,33_01_WF_0127.JPG,12/31/18 9:08,WF,33,75,18/11/17,19/01/31,FISHER
496,22_18_WF_0133.JPG,12/31/18 9:59,WF,22,75,18/11/17,19/01/31,NOTHINGHERE
497,04_26_WF_000043.JPG,12/31/18 11:45,WF,4,75,18/11/17,19/01/31,HUMAN
498,11_13_BC_000154.JPG,12/31/18 13:27,BC,11,109,18/11/15,19/03/04,SQUIRRELGRAY
499,33_01_WF_0130.JPG,12/31/18 16:40,WF,33,75,18/11/17,19/01/31,DEERWHITETAILED
500,22_18_WF_0136.JPG,12/31/18 16:43,WF,22,75,18/11/17,19/01/31,DEERWHITETAILED
501,22_18_WF_0139.JPG,12/31/18 16:44,WF,22,75,18/11/17,19/01/31,DEERWHITETAILED
502,22_18_WF_0142.JPG,12/31/18 16:45,WF,22,75,18/11/17,19/01/31,NOTHINGHERE
503,14_22_DON_000070.JPG,12/31/18 16:53,DON,14,74,18/12/13,19/02/25,RACCOON
504,32_17_WHIP_0037.JPG,12/31/18 16:58,WHIP,32,38,18/12/17,19/01/24,DEERWHITETAILED
505,32_17_WHIP_0040.JPG,12/31/18 17:02,WHIP,32,38,18/12/17,19/01/24,DEERWHITETAILED
506,29_19_DEG_0229.JPG,12/31/18 17:35,DEG,29,73,18/11/26,19/02/07,DEERWHITETAILED
507,23_03_SH_0082.JPG,12/31/18 19:31,SH,23,89,18/11/14,19/02/11,OTHERSMALLMAMMAL
508,11_13_BC_000157.JPG,12/31/18 20:51,BC,11,109,18/11/15,19/03/04,NOTHINGHERE
509,31_06_WHIP_0040.JPG,12/31/18 21:24,WHIP,31,36,18/12/19,19/01/24,SOMETHINGHERE
510,21_21_DON_0021.JPG,1/1/19 4:25,DON,21,94,18/11/26,19/02/28,NOTHINGHERE
511,33_01_WF_0133.JPG,1/1/19 7:21,WF,33,75,18/11/17,19/01/31,SOMETHINGHERE
512,33_01_WF_0136.JPG,1/1/19 7:23,WF,33,75,18/11/17,19/01/31,DEERWHITETAILED
513,33_01_WF_0139.JPG,1/1/19 7:26,WF,33,75,18/11/17,19/01/31,DEERWHITETAILED
514,22_18_WF_0145.JPG,1/1/19 7:56,WF,22,75,18/11/17,19/01/31,DEERWHITETAILED
515,17_24_BC_000199.JPG,1/1/19 8:06,BC,17,109,18/11/15,19/03/04,SOMETHINGHERE
516,17_24_BC_000202.JPG,1/1/19 9:47,BC,17,109,18/11/15,19/03/04,NOTHINGHERE
517,17_24_BC_000205.JPG,1/1/19 10:52,BC,17,109,18/11/15,19/03/04,RACCOON
518,33_01_WF_0145.JPG,1/1/19 11:11,WF,33,75,18/11/17,19/01/31,DEERWHITETAILED
519,33_01_WF_0148.JPG,1/1/19 11:14,WF,33,75,18/11/17,19/01/31,DEERWHITETAILED
520,32_17_WHIP_0043.JPG,1/1/19 11:19,WHIP,32,38,18/12/17,19/01/24,SQUIRRELGRAY
521,18_16_WHIP_000043.JPG,1/1/19 17:22,WHIP,18,37,18/12/18,19/01/24,RACCOON
522,22_18_WF_0148.JPG,1/1/19 17:23,WF,22,75,18/11/17,19/01/31,DEERWHITETAILED
523,29_19_DEG_0232.JPG,1/1/19 22:22,DEG,29,73,18/11/26,19/02/07,DEERWHITETAILED
524,11_13_BC_000160.JPG,1/2/19 10:08,BC,11,109,18/11/15,19/03/04,NOTHINGHERE
525,17_24_BC_000208.JPG,1/2/19 11:26,BC,17,109,18/11/15,19/03/04,NOTHINGHERE
526,33_01_WF_0154.JPG,1/2/19 11:46,WF,33,75,18/11/17,19/01/31,DEERWHITETAILED
527,33_01_WF_0157.JPG,1/2/19 11:47,WF,33,75,18/11/17,19/01/31,DEERWHITETAILED
528,33_01_WF_0160.JPG,1/2/19 13:15,WF,33,75,18/11/17,19/01/31,DEERWHITETAILED
529,33_01_WF_0163.JPG,1/2/19 13:35,WF,33,75,18/11/17,19/01/31,DEERWHITETAILED
530,33_01_WF_0166.JPG,1/2/19 14:18,WF,33,75,18/11/17,19/01/31,DEERWHITETAILED
531,17_24_BC_000211.JPG,1/2/19 16:18,BC,17,109,18/11/15,19/03/04,RACCOON
532,22_18_WF_0151.JPG,1/3/19 1:05,WF,22,75,18/11/17,19/01/31,DEERWHITETAILED
533,23_03_SH_0085.JPG,1/3/19 5:42,SH,23,89,18/11/14,19/02/11,NOTHINGHERE
534,29_19_DEG_0235.JPG,1/4/19 2:54,DEG,29,73,18/11/26,19/02/07,DEERWHITETAILED
535,17_24_BC_000214.JPG,1/4/19 8:03,BC,17,109,18/11/15,19/03/04,SQUIRRELGRAY
536,29_19_DEG_0238.JPG,1/4/19 12:11,DEG,29,73,18/11/26,19/02/07,DEERWHITETAILED
537,22_18_WF_0154.JPG,1/4/19 13:15,WF,22,75,18/11/17,19/01/31,DEERWHITETAILED
538,29_19_DEG_0241.JPG,1/4/19 15:31,DEG,29,73,18/11/26,19/02/07,DEERWHITETAILED
539,29_19_DEG_0244.JPG,1/4/19 15:42,DEG,29,73,18/11/26,19/02/07,DEERWHITETAILED
540,28_15_DEG_0011.JPG,1/4/19 17:31,DEG,28,73,18/11/26,19/02/07,NOTHINGHERE
541,31_06_WHIP_0043.JPG,1/4/19 19:06,WHIP,31,36,18/12/19,19/01/24,NOTHINGHERE
542,18_16_WHIP_000046.JPG,1/4/19 23:32,WHIP,18,37,18/12/18,19/01/24,DEERWHITETAILED
543,18_16_WHIP_000049.JPG,1/4/19 23:35,WHIP,18,37,18/12/18,19/01/24,DEERWHITETAILED
544,18_16_WHIP_000052.JPG,1/4/19 23:36,WHIP,18,37,18/12/18,19/01/24,DEERWHITETAILED
545,29_19_DEG_0247.JPG,1/5/19 3:03,DEG,29,73,18/11/26,19/02/07,DEERWHITETAILED
546,29_19_DEG_0250.JPG,1/5/19 7:02,DEG,29,73,18/11/26,19/02/07,NOTHINGHERE
547,32_17_WHIP_0046.JPG,1/5/19 7:13,WHIP,32,38,18/12/17,19/01/24,DEERWHITETAILED
548,32_17_WHIP_0049.JPG,1/5/19 7:14,WHIP,32,38,18/12/17,19/01/24,DEERWHITETAILED
549,04_26_WF_000046.JPG,1/5/19 7:26,WF,4,75,18/11/17,19/01/31,COYOTE
550,17_24_BC_000217.JPG,1/5/19 8:17,BC,17,109,18/11/15,19/03/04,DEERWHITETAILED
551,17_24_BC_000220.JPG,1/5/19 9:21,BC,17,109,18/11/15,19/03/04,DEERWHITETAILED
552,32_17_WHIP_0052.JPG,1/5/19 11:21,WHIP,32,38,18/12/17,19/01/24,DEERWHITETAILED
553,15_14_DEG_000133.JPG,1/5/19 12:05,DEG,15,73,18/11/26,19/02/07,DEERWHITETAILED
554,17_24_BC_000223.JPG,1/5/19 12:20,BC,17,109,18/11/15,19/03/04,SQUIRRELGRAY
555,22_18_WF_0157.JPG,1/5/19 12:22,WF,22,75,18/11/17,19/01/31,DEERWHITETAILED
556,22_18_WF_0160.JPG,1/5/19 12:31,WF,22,75,18/11/17,19/01/31,DEERWHITETAILED
557,33_01_WF_0169.JPG,1/5/19 13:02,WF,33,75,18/11/17,19/01/31,DEERWHITETAILED
558,11_13_BC_000163.JPG,1/5/19 18:25,BC,11,109,18/11/15,19/03/04,PORCUPINE
559,31_06_WHIP_0046.JPG,1/5/19 23:13,WHIP,31,36,18/12/19,19/01/24,DEERWHITETAILED
560,31_06_WHIP_0049.JPG,1/6/19 2:00,WHIP,31,36,18/12/19,19/01/24,NOTHINGHERE
561,31_06_WHIP_0052.JPG,1/6/19 3:52,WHIP,31,36,18/12/19,19/01/24,NOTHINGHERE
562,29_19_DEG_0253.JPG,1/6/19 7:17,DEG,29,73,18/11/26,19/02/07,DEERWHITETAILED
563,17_24_BC_000226.JPG,1/6/19 10:42,BC,17,109,18/11/15,19/03/04,DEERWHITETAILED
564,17_24_BC_000229.JPG,1/6/19 10:43,BC,17,109,18/11/15,19/03/04,NOTHINGHERE
565,17_24_BC_000232.JPG,1/6/19 21:19,BC,17,109,18/11/15,19/03/04,DEERWHITETAILED
566,11_13_BC_000166.JPG,1/7/19 1:32,BC,11,109,18/11/15,19/03/04,OTHERSMALLMAMMAL
567,11_13_BC_000169.JPG,1/7/19 2:21,BC,11,109,18/11/15,19/03/04,WEASEL
568,22_18_WF_0163.JPG,1/7/19 8:49,WF,22,75,18/11/17,19/01/31,DEERWHITETAILED
569,22_18_WF_0166.JPG,1/7/19 8:51,WF,22,75,18/11/17,19/01/31,DEERWHITETAILED
570,22_18_WF_0169.JPG,1/7/19 8:52,WF,22,75,18/11/17,19/01/31,DEERWHITETAILED
571,22_18_WF_0172.JPG,1/7/19 10:08,WF,22,75,18/11/17,19/01/31,DEERWHITETAILED
572,22_18_WF_0178.JPG,1/7/19 10:10,WF,22,75,18/11/17,19/01/31,DEERWHITETAILED
573,32_17_WHIP_0055.JPG,1/7/19 10:51,WHIP,32,38,18/12/17,19/01/24,DEERWHITETAILED
574,32_17_WHIP_0058.JPG,1/7/19 10:53,WHIP,32,38,18/12/17,19/01/24,DEERWHITETAILED
575,22_18_WF_0181.JPG,1/7/19 11:47,WF,22,75,18/11/17,19/01/31,DEERWHITETAILED
576,18_16_WHIP_000055.JPG,1/7/19 12:21,WHIP,18,37,18/12/18,19/01/24,COYOTE
577,23_03_SH_0088.JPG,1/7/19 17:16,SH,23,89,18/11/14,19/02/11,DEERWHITETAILED
578,23_03_SH_0091.JPG,1/7/19 17:20,SH,23,89,18/11/14,19/02/11,DEERWHITETAILED
579,29_19_DEG_0256.JPG,1/7/19 21:54,DEG,29,73,18/11/26,19/02/07,NOTHINGHERE
580,14_22_DON_000073.JPG,1/8/19 2:00,DON,14,74,18/12/13,19/02/25,NOTHINGHERE
581,14_22_DON_000076.JPG,1/8/19 2:43,DON,14,74,18/12/13,19/02/25,NOTHINGHERE
582,29_19_DEG_0259.JPG,1/8/19 3:13,DEG,29,73,18/11/26,19/02/07,DEERWHITETAILED
583,29_19_DEG_0262.JPG,1/8/19 7:36,DEG,29,73,18/11/26,19/02/07,DEERWHITETAILED
584,23_03_SH_0094.JPG,1/8/19 7:57,SH,23,89,18/11/14,19/02/11,SQUIRRELGRAY
585,22_18_WF_0184.JPG,1/8/19 8:28,WF,22,75,18/11/17,19/01/31,DEERWHITETAILED
586,22_18_WF_0187.JPG,1/8/19 13:16,WF,22,75,18/11/17,19/01/31,DEERWHITETAILED
587,22_18_WF_0190.JPG,1/8/19 13:17,WF,22,75,18/11/17,19/01/31,DEERWHITETAILED
588,22_18_WF_0193.JPG,1/8/19 13:18,WF,22,75,18/11/17,19/01/31,DEERWHITETAILED
589,32_17_WHIP_0061.JPG,1/8/19 16:35,WHIP,32,38,18/12/17,19/01/24,DEERWHITETAILED
590,22_18_WF_0196.JPG,1/8/19 19:31,WF,22,75,18/11/17,19/01/31,NOTHINGHERE
591,29_19_DEG_0265.JPG,1/9/19 6:45,DEG,29,73,18/11/26,19/02/07,DEERWHITETAILED
592,29_19_DEG_0268.JPG,1/9/19 6:46,DEG,29,73,18/11/26,19/02/07,NOTHINGHERE
593,22_18_WF_0199.JPG,1/9/19 7:54,WF,22,75,18/11/17,19/01/31,DEERWHITETAILED
594,18_16_WHIP_000058.JPG,1/9/19 19:15,WHIP,18,37,18/12/18,19/01/24,DEERWHITETAILED
595,18_16_WHIP_000061.JPG,1/9/19 21:42,WHIP,18,37,18/12/18,19/01/24,DEERWHITETAILED
596,04_26_WF_000049.JPG,1/10/19 6:33,WF,4,75,18/11/17,19/01/31,NOTHINGHERE
597,21_21_DON_0024.JPG,1/10/19 11:29,DON,21,94,18/11/26,19/02/28,NOTHINGHERE
598,22_18_WF_0202.JPG,1/11/19 8:57,WF,22,75,18/11/17,19/01/31,DEERWHITETAILED
599,22_18_WF_0205.JPG,1/11/19 9:00,WF,22,75,18/11/17,19/01/31,DEERWHITETAILED
600,29_19_DEG_0271.JPG,1/11/19 10:06,DEG,29,73,18/11/26,19/02/07,DEERWHITETAILED
601,29_19_DEG_0274.JPG,1/11/19 11:26,DEG,29,73,18/11/26,19/02/07,DEERWHITETAILED
602,29_19_DEG_0277.JPG,1/11/19 11:28,DEG,29,73,18/11/26,19/02/07,DEERWHITETAILED
603,21_21_DON__0027.JPG,1/11/19 12:29,DON,21,94,18/11/26,19/02/28,NOTHINGHERE
604,29_19_DEG_0280.JPG,1/11/19 14:53,DEG,29,73,18/11/26,19/02/07,DEERWHITETAILED
605,22_18_WF_0208.JPG,1/11/19 15:42,WF,22,75,18/11/17,19/01/31,DEERWHITETAILED
606,29_19_DEG_0283.JPG,1/11/19 18:38,DEG,29,73,18/11/26,19/02/07,DEERWHITETAILED
607,29_19_DEG_0286.JPG,1/11/19 21:21,DEG,29,73,18/11/26,19/02/07,SOMETHINGHERE
608,15_14_DEG_000139.JPG,1/12/19 8:25,DEG,15,73,18/11/26,19/02/07,DEERWHITETAILED
609,22_18_WF_0211.JPG,1/12/19 9:35,WF,22,75,18/11/17,19/01/31,DEERWHITETAILED
610,22_18_WF_0214.JPG,1/12/19 9:38,WF,22,75,18/11/17,19/01/31,DEERWHITETAILED
611,22_18_WF_0217.JPG,1/12/19 9:39,WF,22,75,18/11/17,19/01/31,DEERWHITETAILED
612,22_18_WF_0220.JPG,1/12/19 9:41,WF,22,75,18/11/17,19/01/31,DEERWHITETAILED
613,29_19_DEG_0289.JPG,1/12/19 9:57,DEG,29,73,18/11/26,19/02/07,DEERWHITETAILED
614,29_19_DEG_0292.JPG,1/12/19 9:58,DEG,29,73,18/11/26,19/02/07,DEERWHITETAILED
615,29_19_DEG_0295.JPG,1/12/19 10:00,DEG,29,73,18/11/26,19/02/07,DEERWHITETAILED
616,22_18_WF_0223.JPG,1/12/19 12:16,WF,22,75,18/11/17,19/01/31,DEERWHITETAILED
617,14_22_DON_000079.JPG,1/12/19 12:22,DON,14,74,18/12/13,19/02/25,NOTHINGHERE
618,14_22_DON_000082.JPG,1/12/19 12:24,DON,14,74,18/12/13,19/02/25,NOTHINGHERE
619,29_19_DEG_0298.JPG,1/12/19 14:42,DEG,29,73,18/11/26,19/02/07,DEERWHITETAILED
620,23_03_SH_0097.JPG,1/12/19 15:30,SH,23,89,18/11/14,19/02/11,DEERWHITETAILED
621,22_18_WF_0226.JPG,1/12/19 15:46,WF,22,75,18/11/17,19/01/31,DEERWHITETAILED
622,22_18_WF_0229.JPG,1/12/19 15:47,WF,22,75,18/11/17,19/01/31,DEERWHITETAILED
623,22_18_WF_0232.JPG,1/12/19 15:48,WF,22,75,18/11/17,19/01/31,DEERWHITETAILED
624,29_19_DEG_0301.JPG,1/12/19 16:22,DEG,29,73,18/11/26,19/02/07,DEERWHITETAILED
625,14_22_DON_000085.JPG,1/12/19 17:20,DON,14,74,18/12/13,19/02/25,COYOTE
626,29_19_DEG_0304.JPG,1/12/19 23:37,DEG,29,73,18/11/26,19/02/07,SOMETHINGHERE
627,11_13_BC_000172.JPG,1/13/19 9:26,BC,11,109,18/11/15,19/03/04,SQUIRRELGRAY
628,11_13_BC_000175.JPG,1/13/19 9:33,BC,11,109,18/11/15,19/03/04,SQUIRRELGRAY
629,29_19_DEG_0307.JPG,1/13/19 10:16,DEG,29,73,18/11/26,19/02/07,DEERWHITETAILED
630,29_19_DEG_0310.JPG,1/13/19 10:26,DEG,29,73,18/11/26,19/02/07,DEERWHITETAILED
631,29_19_DEG_0313.JPG,1/13/19 11:18,DEG,29,73,18/11/26,19/02/07,DEERWHITETAILED
632,29_19_DEG_0316.JPG,1/13/19 11:21,DEG,29,73,18/11/26,19/02/07,DEERWHITETAILED
633,29_19_DEG_0319.JPG,1/13/19 11:35,DEG,29,73,18/11/26,19/02/07,DEERWHITETAILED
634,29_19_DEG_0322.JPG,1/13/19 16:09,DEG,29,73,18/11/26,19/02/07,DEERWHITETAILED
635,22_18_WF_0235.JPG,1/13/19 16:14,WF,22,75,18/11/17,19/01/31,DEERWHITETAILED
636,14_22_DON_000088.JPG,1/13/19 16:20,DON,14,74,18/12/13,19/02/25,DEERWHITETAILED
637,22_18_WF_0238.JPG,1/13/19 16:49,WF,22,75,18/11/17,19/01/31,DEERWHITETAILED
638,29_19_DEG_0325.JPG,1/14/19 2:55,DEG,29,73,18/11/26,19/02/07,NOTHINGHERE
639,17_24_BC_000235.JPG,1/14/19 7:39,BC,17,109,18/11/15,19/03/04,SOMETHINGHERE
640,29_19_DEG_0328.JPG,1/14/19 10:02,DEG,29,73,18/11/26,19/02/07,DEERWHITETAILED
641,29_19_DEG_0331.JPG,1/14/19 10:06,DEG,29,73,18/11/26,19/02/07,DEERWHITETAILED
642,22_18_WF_0241.JPG,1/14/19 10:16,WF,22,75,18/11/17,19/01/31,DEERWHITETAILED
643,22_18_WF_0244.JPG,1/14/19 10:17,WF,22,75,18/11/17,19/01/31,DEERWHITETAILED
644,15_14_DEG_000142.JPG,1/14/19 10:59,DEG,15,73,18/11/26,19/02/07,DEERWHITETAILED
645,15_14_DEG_000145.JPG,1/14/19 11:22,DEG,15,73,18/11/26,19/02/07,DEERWHITETAILED
646,29_19_DEG_0334.JPG,1/15/19 9:43,DEG,29,73,18/11/26,19/02/07,DEERWHITETAILED
647,29_19_DEG_0337.JPG,1/15/19 11:26,DEG,29,73,18/11/26,19/02/07,DEERWHITETAILED
648,29_19_DEG_0340.JPG,1/15/19 12:03,DEG,29,73,18/11/26,19/02/07,DEERWHITETAILED
649,33_01_WF_0172.JPG,1/15/19 15:42,WF,33,75,18/11/17,19/01/31,DEERWHITETAILED
650,33_01_WF_0175.JPG,1/15/19 15:46,WF,33,75,18/11/17,19/01/31,DEERWHITETAILED
651,22_18_WF_0247.JPG,1/15/19 16:38,WF,22,75,18/11/17,19/01/31,DEERWHITETAILED
652,29_19_DEG_0343.JPG,1/15/19 18:24,DEG,29,73,18/11/26,19/02/07,DEERWHITETAILED
653,29_19_DEG_0346.JPG,1/15/19 20:26,DEG,29,73,18/11/26,19/02/07,NOTHINGHERE
654,17_24_BC_000238.JPG,1/15/19 20:42,BC,17,109,18/11/15,19/03/04,DEERWHITETAILED
655,29_19_DEG_0349.JPG,1/15/19 20:58,DEG,29,73,18/11/26,19/02/07,DEERWHITETAILED
656,29_19_DEG_0352.JPG,1/15/19 23:28,DEG,29,73,18/11/26,19/02/07,DEERWHITETAILED
657,29_19_DEG_0355.JPG,1/15/19 23:35,DEG,29,73,18/11/26,19/02/07,NOTHINGHERE
658,25_09_SH_0084.JPG,1/16/19 1:28,SH,25,89,18/11/14,19/02/11,SOMETHINGHERE
659,29_19_DEG_0358.JPG,1/16/19 3:43,DEG,29,73,18/11/26,19/02/07,DEERWHITETAILED
660,29_19_DEG_0361.JPG,1/16/19 4:23,DEG,29,73,18/11/26,19/02/07,DEERWHITETAILED
661,14_22_DON_000091.JPG,1/16/19 4:34,DON,14,74,18/12/13,19/02/25,NOTHINGHERE
662,29_19_DEG_0364.JPG,1/16/19 6:51,DEG,29,73,18/11/26,19/02/07,NOTHINGHERE
663,22_18_WF_0250.JPG,1/16/19 7:18,WF,22,75,18/11/17,19/01/31,NOTHINGHERE
664,22_18_WF_0253.JPG,1/16/19 7:31,WF,22,75,18/11/17,19/01/31,DEERWHITETAILED
665,22_18_WF_0256.JPG,1/16/19 12:00,WF,22,75,18/11/17,19/01/31,DEERWHITETAILED
666,29_19_DEG_0367.JPG,1/16/19 14:45,DEG,29,73,18/11/26,19/02/07,DEERWHITETAILED
667,29_19_DEG_0370.JPG,1/16/19 16:20,DEG,29,73,18/11/26,19/02/07,DEERWHITETAILED
668,29_19_DEG_0373.JPG,1/16/19 16:30,DEG,29,73,18/11/26,19/02/07,DEERWHITETAILED
669,22_18_WF_0259.JPG,1/16/19 16:46,WF,22,75,18/11/17,19/01/31,DEERWHITETAILED
670,22_18_WF_0262.JPG,1/16/19 16:48,WF,22,75,18/11/17,19/01/31,DEERWHITETAILED
671,22_18_WF_0265.JPG,1/16/19 16:59,WF,22,75,18/11/17,19/01/31,DEERWHITETAILED
672,21_21_DON_0030.JPG,1/16/19 23:59,DON,21,94,18/11/26,19/02/28,FOXRED
673,22_18_WF_0268.JPG,1/17/19 2:04,WF,22,75,18/11/17,19/01/31,NOTHINGHERE
674,29_19_DEG_0376.JPG,1/17/19 14:45,DEG,29,73,18/11/26,19/02/07,DEERWHITETAILED
675,32_17_WHIP_0064.JPG,1/18/19 7:59,WHIP,32,38,18/12/17,19/01/24,DEERWHITETAILED
676,29_19_DEG_0379.JPG,1/18/19 8:43,DEG,29,73,18/11/26,19/02/07,DEERWHITETAILED
677,29_19_DEG_0382.JPG,1/18/19 8:45,DEG,29,73,18/11/26,19/02/07,DEERWHITETAILED
678,29_19_DEG_0385.JPG,1/18/19 8:46,DEG,29,73,18/11/26,19/02/07,DEERWHITETAILED
679,31_06_WHIP_0055.JPG,1/18/19 9:20,WHIP,31,36,18/12/19,19/01/24,DOMESTICDOG
680,14_22_DON_000094.JPG,1/18/19 10:58,DON,14,74,18/12/13,19/02/25,DEERWHITETAILED
681,14_22_DON_000097.JPG,1/18/19 11:05,DON,14,74,18/12/13,19/02/25,DEERWHITETAILED
682,29_19_DEG_0388.JPG,1/18/19 12:38,DEG,29,73,18/11/26,19/02/07,DEERWHITETAILED
683,17_24_BC_000241.JPG,1/18/19 13:37,BC,17,109,18/11/15,19/03/04,DEERWHITETAILED
684,22_18_WF_0271.JPG,1/18/19 14:32,WF,22,75,18/11/17,19/01/31,DEERWHITETAILED
685,22_18_WF_0274.JPG,1/18/19 14:33,WF,22,75,18/11/17,19/01/31,DEERWHITETAILED
686,29_19_DEG_0391.JPG,1/18/19 15:02,DEG,29,73,18/11/26,19/02/07,DEERWHITETAILED
687,29_19_DEG_0394.JPG,1/18/19 15:04,DEG,29,73,18/11/26,19/02/07,DEERWHITETAILED
688,23_03_SH_0100.JPG,1/19/19 7:06,SH,23,89,18/11/14,19/02/11,NOTHINGHERE
689,11_13_BC_000178.JPG,1/19/19 7:20,BC,11,109,18/11/15,19/03/04,GROUSERUFFED
690,31_06_WHIP_0058.JPG,1/19/19 14:21,WHIP,31,36,18/12/19,19/01/24,NOTHINGHERE
691,22_18_WF_0277.JPG,1/19/19 14:29,WF,22,75,18/11/17,19/01/31,DEERWHITETAILED
692,33_01_WF_0178.JPG,1/19/19 19:56,WF,33,75,18/11/17,19/01/31,NOTHINGHERE
693,22_18_WF_0280.JPG,1/20/19 1:21,WF,22,75,18/11/17,19/01/31,NOTHINGHERE
694,22_18_WF_0283.JPG,1/20/19 18:28,WF,22,75,18/11/17,19/01/31,NOTHINGHERE
695,22_18_WF_0286.JPG,1/20/19 19:46,WF,22,75,18/11/17,19/01/31,NOTHINGHERE
696,23_03_SH_0103.JPG,1/21/19 5:09,SH,23,89,18/11/14,19/02/11,NOTHINGHERE
697,29_19_DEG_0397.JPG,1/21/19 9:29,DEG,29,73,18/11/26,19/02/07,DEERWHITETAILED
698,23_03_SH_0106.JPG,1/21/19 10:07,SH,23,89,18/11/14,19/02/11,NOTHINGHERE
699,15_14_DEG_000148.JPG,1/21/19 16:50,DEG,15,73,18/11/26,19/02/07,NOTHINGHERE
700,22_18_WF_0289.JPG,1/21/19 17:23,WF,22,75,18/11/17,19/01/31,DEERWHITETAILED
701,15_14_DEG_000151.JPG,1/22/19 2:09,DEG,15,73,18/11/26,19/02/07,DEERWHITETAILED
702,15_14_DEG_000154.JPG,1/22/19 4:04,DEG,15,73,18/11/26,19/02/07,SOMETHINGHERE
703,23_03_SH_0109.JPG,1/22/19 5:33,SH,23,89,18/11/14,19/02/11,NOTHINGHERE
704,33_01_WF_0181.JPG,1/22/19 12:48,WF,33,75,18/11/17,19/01/31,NOTHINGHERE
705,32_17_WHIP_0067.JPG,1/22/19 19:11,WHIP,32,38,18/12/17,19/01/24,FOXRED
706,29_19_DEG_0400.JPG,1/22/19 23:37,DEG,29,73,18/11/26,19/02/07,DEERWHITETAILED
707,33_01_WF_0184.JPG,1/23/19 4:52,WF,33,75,18/11/17,19/01/31,SOMETHINGHERE
708,29_19_DEG_0403.JPG,1/23/19 6:40,DEG,29,73,18/11/26,19/02/07,SOMETHINGHERE
709,29_19_DEG_0406.JPG,1/23/19 6:58,DEG,29,73,18/11/26,19/02/07,DEERWHITETAILED
710,29_19_DEG_0409.JPG,1/23/19 7:00,DEG,29,73,18/11/26,19/02/07,DEERWHITETAILED
711,22_18_WF_0292.JPG,1/23/19 7:01,WF,22,75,18/11/17,19/01/31,DEERWHITETAILED
712,29_19_DEG_0412.JPG,1/23/19 7:39,DEG,29,73,18/11/26,19/02/07,DEERWHITETAILED
713,29_19_DEG_0415.JPG,1/23/19 16:29,DEG,29,73,18/11/26,19/02/07,DEERWHITETAILED
714,21_21_DON_0033.JPG,1/23/19 18:07,DON,21,94,18/11/26,19/02/28,NOTHINGHERE
715,29_19_DEG_0418.JPG,1/23/19 18:45,DEG,29,73,18/11/26,19/02/07,NOTHINGHERE
716,29_19_DEG_0421.JPG,1/23/19 18:56,DEG,29,73,18/11/26,19/02/07,SOMETHINGHERE
717,29_19_DEG_0424.JPG,1/23/19 18:57,DEG,29,73,18/11/26,19/02/07,NOTHINGHERE
718,29_19_DEG_0427.JPG,1/23/19 19:11,DEG,29,73,18/11/26,19/02/07,SOMETHINGHERE
719,29_19_DEG_0430.JPG,1/23/19 20:04,DEG,29,73,18/11/26,19/02/07,NOTHINGHERE
720,29_19_DEG_0433.JPG,1/23/19 21:04,DEG,29,73,18/11/26,19/02/07,NOTHINGHERE
721,29_19_DEG_0436.JPG,1/23/19 21:38,DEG,29,73,18/11/26,19/02/07,NOTHINGHERE
722,29_19_DEG_0439.JPG,1/23/19 22:29,DEG,29,73,18/11/26,19/02/07,NOTHINGHERE
723,29_19_DEG_0442.JPG,1/23/19 22:30,DEG,29,73,18/11/26,19/02/07,NOTHINGHERE
724,32_17_WHIP_0070.JPG,1/23/19 22:34,WHIP,32,38,18/12/17,19/01/24,COYOTE
725,29_19_DEG_0445.JPG,1/23/19 22:54,DEG,29,73,18/11/26,19/02/07,SOMETHINGHERE
726,29_19_DEG_0448.JPG,1/23/19 22:57,DEG,29,73,18/11/26,19/02/07,SOMETHINGHERE
727,29_19_DEG_0451.JPG,1/24/19 0:01,DEG,29,73,18/11/26,19/02/07,NOTHINGHERE
728,29_19_DEG_0454.JPG,1/24/19 1:32,DEG,29,73,18/11/26,19/02/07,DEERWHITETAILED
729,29_19_DEG_0457.JPG,1/24/19 1:34,DEG,29,73,18/11/26,19/02/07,DEERWHITETAILED
730,29_19_DEG_0460.JPG,1/24/19 4:58,DEG,29,73,18/11/26,19/02/07,NOTHINGHERE
731,29_19_DEG_0463.JPG,1/24/19 4:59,DEG,29,73,18/11/26,19/02/07,NOTHINGHERE
732,29_19_DEG_0466.JPG,1/24/19 5:03,DEG,29,73,18/11/26,19/02/07,DEERWHITETAILED
733,31_06_WHIP_0061.JPG,1/24/19 13:37,WHIP,31,36,18/12/19,19/01/24,HUMAN
734,31_06_WHIP_0064.JPG,1/24/19 13:39,WHIP,31,36,18/12/19,19/01/24,NOTHINGHERE
735,31_06_WHIP_0067.JPG,1/24/19 13:40,WHIP,31,36,18/12/19,19/01/24,NOTHINGHERE
736,31_06_WHIP_0073.JPG,1/24/19 13:43,WHIP,31,36,18/12/19,19/01/24,HUMAN
737,31_06_WHIP_0076.JPG,1/24/19 13:44,WHIP,31,36,18/12/19,19/01/24,HUMAN
738,32_17_WHIP_0073.JPG,1/24/19 13:59,WHIP,32,38,18/12/17,19/01/24,HUMAN
739,18_16_WHIP_000064.JPG,1/24/19 14:30,WHIP,18,37,18/12/18,19/01/24,NOTHINGHERE
740,22_18_WF_0295.JPG,1/25/19 6:45,WF,22,75,18/11/17,19/01/31,DEERWHITETAILED
741,22_18_WF_0298.JPG,1/25/19 6:46,WF,22,75,18/11/17,19/01/31,SOMETHINGHERE
742,22_18_WF_0301.JPG,1/25/19 6:48,WF,22,75,18/11/17,19/01/31,DEERWHITETAILED
743,22_18_WF_0304.JPG,1/25/19 6:49,WF,22,75,18/11/17,19/01/31,DEERWHITETAILED
744,15_14_DEG_000157.JPG,1/25/19 8:43,DEG,15,73,18/11/26,19/02/07,DEERWHITETAILED
745,22_18_WF_0307.JPG,1/25/19 9:58,WF,22,75,18/11/17,19/01/31,DEERWHITETAILED
746,22_18_WF_0310.JPG,1/25/19 10:00,WF,22,75,18/11/17,19/01/31,DEERWHITETAILED
747,21_21_DON_0036.JPG,1/25/19 21:54,DON,21,94,18/11/26,19/02/28,FOXRED
748,21_21_DON_0039.JPG,1/25/19 21:57,DON,21,94,18/11/26,19/02/28,FOXRED
749,22_18_WF_0313.JPG,1/26/19 9:22,WF,22,75,18/11/17,19/01/31,DEERWHITETAILED
750,22_18_WF_0316.JPG,1/26/19 9:24,WF,22,75,18/11/17,19/01/31,DEERWHITETAILED
751,22_18_WF_0319.JPG,1/26/19 9:26,WF,22,75,18/11/17,19/01/31,DEERWHITETAILED
752,29_19_DEG_0469.JPG,1/26/19 11:35,DEG,29,73,18/11/26,19/02/07,DEERWHITETAILED
753,29_19_DEG_0472.JPG,1/26/19 11:36,DEG,29,73,18/11/26,19/02/07,DEERWHITETAILED
754,22_18_WF_0325.JPG,1/26/19 11:38,WF,22,75,18/11/17,19/01/31,DEERWHITETAILED
755,29_19_DEG_0475.JPG,1/26/19 11:57,DEG,29,73,18/11/26,19/02/07,DEERWHITETAILED
756,22_18_WF_0328.JPG,1/26/19 15:15,WF,22,75,18/11/17,19/01/31,DEERWHITETAILED
757,22_18_WF_0331.JPG,1/26/19 15:23,WF,22,75,18/11/17,19/01/31,DEERWHITETAILED
758,22_18_WF_0334.JPG,1/26/19 15:45,WF,22,75,18/11/17,19/01/31,DEERWHITETAILED
759,22_18_WF_0337.JPG,1/26/19 16:04,WF,22,75,18/11/17,19/01/31,DEERWHITETAILED
760,22_18_WF_0340.JPG,1/26/19 16:05,WF,22,75,18/11/17,19/01/31,DEERWHITETAILED
761,22_18_WF_0343.JPG,1/26/19 16:23,WF,22,75,18/11/17,19/01/31,DEERWHITETAILED
762,14_22_DON_000100.JPG,1/27/19 2:26,DON,14,74,18/12/13,19/02/25,FOXRED
763,22_18_WF_0346.JPG,1/27/19 7:29,WF,22,75,18/11/17,19/01/31,DEERWHITETAILED
764,22_18_WF_0349.JPG,1/27/19 7:33,WF,22,75,18/11/17,19/01/31,DEERWHITETAILED
765,22_18_WF_0352.JPG,1/27/19 7:49,WF,22,75,18/11/17,19/01/31,DEERWHITETAILED
766,29_19_DEG_0478.JPG,1/27/19 8:57,DEG,29,73,18/11/26,19/02/07,DEERWHITETAILED
767,29_19_DEG_0481.JPG,1/27/19 9:22,DEG,29,73,18/11/26,19/02/07,DEERWHITETAILED
768,29_19_DEG_0484.JPG,1/27/19 12:12,DEG,29,73,18/11/26,19/02/07,DEERWHITETAILED
769,29_19_DEG_0487.JPG,1/27/19 12:14,DEG,29,73,18/11/26,19/02/07,DEERWHITETAILED
770,29_19_DEG_0490.JPG,1/27/19 12:21,DEG,29,73,18/11/26,19/02/07,DEERWHITETAILED
771,29_19_DEG_0493.JPG,1/27/19 15:25,DEG,29,73,18/11/26,19/02/07,DEERWHITETAILED
772,22_18_WF_0355.JPG,1/27/19 17:40,WF,22,75,18/11/17,19/01/31,DEERWHITETAILED
773,17_24_BC_000244.JPG,1/27/19 22:30,BC,17,109,18/11/15,19/03/04,DEERWHITETAILED
774,22_18_WF_0358.JPG,1/28/19 11:41,WF,22,75,18/11/17,19/01/31,DEERWHITETAILED
775,22_18_WF_0361.JPG,1/28/19 11:42,WF,22,75,18/11/17,19/01/31,DEERWHITETAILED
776,15_14_DEG_000160.JPG,1/28/19 11:45,DEG,15,73,18/11/26,19/02/07,DEERWHITETAILED
777,29_19_DEG_0496.JPG,1/28/19 13:27,DEG,29,73,18/11/26,19/02/07,DEERWHITETAILED
778,29_19_DEG_0499.JPG,1/28/19 14:05,DEG,29,73,18/11/26,19/02/07,DEERWHITETAILED
779,29_19_DEG_0502.JPG,1/28/19 14:07,DEG,29,73,18/11/26,19/02/07,DEERWHITETAILED
780,22_18_WF_0364.JPG,1/28/19 14:10,WF,22,75,18/11/17,19/01/31,DEERWHITETAILED
781,22_18_WF_0367.JPG,1/28/19 14:57,WF,22,75,18/11/17,19/01/31,DEERWHITETAILED
782,22_18_WF_0370.JPG,1/28/19 15:00,WF,22,75,18/11/17,19/01/31,DEERWHITETAILED
783,22_18_WF_0373.JPG,1/28/19 15:03,WF,22,75,18/11/17,19/01/31,HUMAN
784,15_14_DEG_000163.JPG,1/28/19 16:55,DEG,15,73,18/11/26,19/02/07,DEERWHITETAILED
785,15_14_DEG_000166.JPG,1/28/19 16:56,DEG,15,73,18/11/26,19/02/07,NOTHINGHERE
786,33_01_WF_0187.JPG,1/29/19 5:46,WF,33,75,18/11/17,19/01/31,DEERWHITETAILED
787,15_14_DEG_000169.JPG,1/29/19 11:16,DEG,15,73,18/11/26,19/02/07,DEERWHITETAILED
788,29_19_DEG_0505.JPG,1/29/19 12:12,DEG,29,73,18/11/26,19/02/07,DEERWHITETAILED
789,33_01_WF_0190.JPG,1/29/19 14:34,WF,33,75,18/11/17,19/01/31,DEERWHITETAILED
790,33_01_WF_0193.JPG,1/29/19 14:38,WF,33,75,18/11/17,19/01/31,DEERWHITETAILED
791,33_01_WF_0196.JPG,1/29/19 14:48,WF,33,75,18/11/17,19/01/31,SOMETHINGHERE
792,33_01_WF_0199.JPG,1/30/19 10:13,WF,33,75,18/11/17,19/01/31,DEERWHITETAILED
793,29_19_DEG_0508.JPG,1/30/19 11:30,DEG,29,73,18/11/26,19/02/07,DEERWHITETAILED
794,29_19_DEG_0511.JPG,1/30/19 11:32,DEG,29,73,18/11/26,19/02/07,DEERWHITETAILED
795,29_19_DEG_0514.JPG,1/30/19 12:27,DEG,29,73,18/11/26,19/02/07,DEERWHITETAILED
796,29_19_DEG_0517.JPG,1/30/19 14:56,DEG,29,73,18/11/26,19/02/07,DEERWHITETAILED
797,29_19_DEG_0520.JPG,1/30/19 15:43,DEG,29,73,18/11/26,19/02/07,DEERWHITETAILED
798,29_19_DEG_0523.JPG,1/30/19 16:03,DEG,29,73,18/11/26,19/02/07,DEERWHITETAILED
799,21_21_DON_0042.JPG,1/30/19 16:52,DON,21,94,18/11/26,19/02/28,SQUIRRELGRAY
800,11_13_BC_000181.JPG,1/31/19 9:08,BC,11,109,18/11/15,19/03/04,FISHER
801,33_01_WF_0205.JPG,1/31/19 12:45,WF,33,75,18/11/17,19/01/31,HUMAN
802,29_19_DEG_0526.JPG,1/31/19 13:16,DEG,29,73,18/11/26,19/02/07,DEERWHITETAILED
803,29_19_DEG_0529.JPG,1/31/19 14:11,DEG,29,73,18/11/26,19/02/07,DEERWHITETAILED
804,15_14_DEG_000172.JPG,1/31/19 17:06,DEG,15,73,18/11/26,19/02/07,DEERWHITETAILED
805,15_14_DEG_000175.JPG,2/1/19 7:45,DEG,15,73,18/11/26,19/02/07,DEERWHITETAILED
806,15_14_DEG_000178.JPG,2/1/19 9:38,DEG,15,73,18/11/26,19/02/07,DEERWHITETAILED
807,29_19_DEG_0532.JPG,2/1/19 16:48,DEG,29,73,18/11/26,19/02/07,DEERWHITETAILED
808,29_19_DEG_0535.JPG,2/1/19 16:53,DEG,29,73,18/11/26,19/02/07,DEERWHITETAILED
809,29_19_DEG_0538.JPG,2/1/19 16:55,DEG,29,73,18/11/26,19/02/07,DEERWHITETAILED
810,15_14_DEG_000181.JPG,2/2/19 9:06,DEG,15,73,18/11/26,19/02/07,DEERWHITETAILED
811,14_22_DON_000103.JPG,2/2/19 11:03,DON,14,74,18/12/13,19/02/25,NOTHINGHERE
812,14_22_DON_000106.JPG,2/2/19 11:24,DON,14,74,18/12/13,19/02/25,DEERWHITETAILED
813,15_14_DEG_000184.JPG,2/2/19 16:04,DEG,15,73,18/11/26,19/02/07,DEERWHITETAILED
814,15_14_DEG_000187.JPG,2/2/19 16:33,DEG,15,73,18/11/26,19/02/07,DEERWHITETAILED
815,28_15_DEG_0014.JPG,2/3/19 7:35,DEG,28,73,18/11/26,19/02/07,DEERWHITETAILED
816,15_14_DEG_000190.JPG,2/3/19 10:14,DEG,15,73,18/11/26,19/02/07,DEERWHITETAILED
817,15_14_DEG_000193.JPG,2/3/19 12:03,DEG,15,73,18/11/26,19/02/07,DEERWHITETAILED
818,15_14_DEG_000196.JPG,2/4/19 23:41,DEG,15,73,18/11/26,19/02/07,SOMETHINGHERE
819,15_14_DEG_000199.JPG,2/5/19 15:22,DEG,15,73,18/11/26,19/02/07,DEERWHITETAILED
820,15_14_DEG_000202.JPG,2/6/19 8:10,DEG,15,73,18/11/26,19/02/07,DEERWHITETAILED
821,15_14_DEG_000205.JPG,2/6/19 8:13,DEG,15,73,18/11/26,19/02/07,NOTHINGHERE
822,15_14_DEG_000208.JPG,2/6/19 8:50,DEG,15,73,18/11/26,19/02/07,DEERWHITETAILED
823,15_14_DEG_000211.JPG,2/6/19 8:52,DEG,15,73,18/11/26,19/02/07,NOTHINGHERE
824,15_14_DEG_000214.JPG,2/6/19 8:54,DEG,15,73,18/11/26,19/02/07,DEERWHITETAILED
825,15_14_DEG_000217.JPG,2/6/19 12:46,DEG,15,73,18/11/26,19/02/07,DEERWHITETAILED
826,15_14_DEG_000220.JPG,2/6/19 15:37,DEG,15,73,18/11/26,19/02/07,DEERWHITETAILED
827,15_14_DEG_000223.JPG,2/6/19 15:49,DEG,15,73,18/11/26,19/02/07,DEERWHITETAILED
828,15_14_DEG_000226.JPG,2/6/19 16:32,DEG,15,73,18/11/26,19/02/07,DEERWHITETAILED
829,17_24_BC_000247.JPG,2/7/19 5:41,BC,17,109,18/11/15,19/03/04,NOTHINGHERE
830,14_22_DON_000109.JPG,2/7/19 9:26,DON,14,74,18/12/13,19/02/25,GROUSERUFFED
831,14_22_DON_000112.JPG,2/7/19 11:13,DON,14,74,18/12/13,19/02/25,FOXRED
832,15_14_DEG_000229.JPG,2/7/19 12:41,DEG,15,73,18/11/26,19/02/07,DEERWHITETAILED
833,15_14_DEG_000232.JPG,2/7/19 12:43,DEG,15,73,18/11/26,19/02/07,DEERWHITETAILED
834,28_15_DEG_0017.JPG,2/7/19 13:09,DEG,28,73,18/11/26,19/02/07,HUMAN
835,15_14_DEG_000235.JPG,2/7/19 13:14,DEG,15,73,18/11/26,19/02/07,DEERWHITETAILED
836,15_14_DEG_000238.JPG,2/7/19 13:16,DEG,15,73,18/11/26,19/02/07,DEERWHITETAILED
837,15_14_DEG_000241.JPG,2/7/19 13:20,DEG,15,73,18/11/26,19/02/07,DEERWHITETAILED
838,21_21_DON_0045.JPG,2/7/19 22:53,DON,21,94,18/11/26,19/02/28,NOTHINGHERE
839,21_21_DON_0048.JPG,2/8/19 12:51,DON,21,94,18/11/26,19/02/28,NOTHINGHERE
840,21_21_DON_0051.JPG,2/8/19 13:33,DON,21,94,18/11/26,19/02/28,NOTHINGHERE
841,21_21_DON_0054.JPG,2/8/19 13:54,DON,21,94,18/11/26,19/02/28,NOTHINGHERE
842,21_21_DON_0057.JPG,2/8/19 14:08,DON,21,94,18/11/26,19/02/28,NOTHINGHERE
843,21_21_DON_0060.JPG,2/8/19 14:18,DON,21,94,18/11/26,19/02/28,NOTHINGHERE
844,21_21_DON_0063.JPG,2/8/19 14:36,DON,21,94,18/11/26,19/02/28,NOTHINGHERE
845,21_21_DON_0066.JPG,2/8/19 14:39,DON,21,94,18/11/26,19/02/28,NOTHINGHERE
846,21_21_DON_0069.JPG,2/8/19 15:20,DON,21,94,18/11/26,19/02/28,NOTHINGHERE
847,21_21_DON_0072.JPG,2/8/19 15:23,DON,21,94,18/11/26,19/02/28,NOTHINGHERE
848,21_21_DON_0075.JPG,2/8/19 15:52,DON,21,94,18/11/26,19/02/28,NOTHINGHERE
849,21_21_DON_0078.JPG,2/8/19 16:17,DON,21,94,18/11/26,19/02/28,NOTHINGHERE
850,21_21_DON_0081.JPG,2/8/19 16:24,DON,21,94,18/11/26,19/02/28,NOTHINGHERE
851,21_21_DON_0084.JPG,2/8/19 16:25,DON,21,94,18/11/26,19/02/28,NOTHINGHERE
852,21_21_DON_0087.JPG,2/8/19 16:57,DON,21,94,18/11/26,19/02/28,NOTHINGHERE
853,21_21_DON_0090.JPG,2/8/19 17:23,DON,21,94,18/11/26,19/02/28,NOTHINGHERE
854,21_21_DON_0093.JPG,2/8/19 17:30,DON,21,94,18/11/26,19/02/28,NOTHINGHERE
855,21_21_DON_0096.JPG,2/8/19 17:43,DON,21,94,18/11/26,19/02/28,NOTHINGHERE
856,21_21_DON_0099.JPG,2/8/19 17:54,DON,21,94,18/11/26,19/02/28,NOTHINGHERE
857,14_22_DON_000115.JPG,2/8/19 18:17,DON,14,74,18/12/13,19/02/25,NOTHINGHERE
858,21_21_DON_0102.JPG,2/8/19 18:22,DON,21,94,18/11/26,19/02/28,NOTHINGHERE
859,21_21_DON_0105.JPG,2/8/19 18:56,DON,21,94,18/11/26,19/02/28,NOTHINGHERE
860,21_21_DON_0108.JPG,2/8/19 19:06,DON,21,94,18/11/26,19/02/28,NOTHINGHERE
861,21_21_DON_0111.JPG,2/8/19 19:13,DON,21,94,18/11/26,19/02/28,NOTHINGHERE
862,21_21_DON_0114.JPG,2/8/19 19:21,DON,21,94,18/11/26,19/02/28,NOTHINGHERE
863,21_21_DON_0117.JPG,2/8/19 19:27,DON,21,94,18/11/26,19/02/28,NOTHINGHERE
864,21_21_DON_0120.JPG,2/8/19 19:41,DON,21,94,18/11/26,19/02/28,NOTHINGHERE
865,21_21_DON_0123.JPG,2/8/19 20:16,DON,21,94,18/11/26,19/02/28,NOTHINGHERE
866,21_21_DON_0126.JPG,2/8/19 20:17,DON,21,94,18/11/26,19/02/28,NOTHINGHERE
867,21_21_DON_0129.JPG,2/8/19 20:18,DON,21,94,18/11/26,19/02/28,NOTHINGHERE
868,21_21_DON_0132.JPG,2/8/19 20:20,DON,21,94,18/11/26,19/02/28,NOTHINGHERE
869,21_21_DON_0135.JPG,2/8/19 20:30,DON,21,94,18/11/26,19/02/28,NOTHINGHERE
870,21_21_DON_0138.JPG,2/8/19 20:31,DON,21,94,18/11/26,19/02/28,NOTHINGHERE
871,21_21_DON_0141.JPG,2/8/19 20:55,DON,21,94,18/11/26,19/02/28,NOTHINGHERE
872,21_21_DON_0144.JPG,2/8/19 21:07,DON,21,94,18/11/26,19/02/28,NOTHINGHERE
873,21_21_DON_0147.JPG,2/8/19 21:11,DON,21,94,18/11/26,19/02/28,NOTHINGHERE
874,21_21_DON_0150.JPG,2/8/19 21:14,DON,21,94,18/11/26,19/02/28,NOTHINGHERE
875,21_21_DON_0153.JPG,2/8/19 21:27,DON,21,94,18/11/26,19/02/28,NOTHINGHERE
876,21_21_DON_0156.JPG,2/8/19 21:48,DON,21,94,18/11/26,19/02/28,NOTHINGHERE
877,21_21_DON_0159.JPG,2/8/19 21:55,DON,21,94,18/11/26,19/02/28,NOTHINGHERE
878,21_21_DON_0162.JPG,2/9/19 0:23,DON,21,94,18/11/26,19/02/28,NOTHINGHERE
879,21_21_DON_0165.JPG,2/9/19 4:02,DON,21,94,18/11/26,19/02/28,NOTHINGHERE
880,23_03_SH_0112.JPG,2/9/19 8:23,SH,23,89,18/11/14,19/02/11,DEERWHITETAILED
881,23_03_SH_0115.JPG,2/9/19 8:24,SH,23,89,18/11/14,19/02/11,DEERWHITETAILED
882,23_03_SH_0118.JPG,2/9/19 8:25,SH,23,89,18/11/14,19/02/11,DEERWHITETAILED
883,17_24_BC_000250.JPG,2/9/19 12:43,BC,17,109,18/11/15,19/03/04,SQUIRRELGRAY
884,17_24_BC_000253.JPG,2/9/19 12:45,BC,17,109,18/11/15,19/03/04,SQUIRRELGRAY
885,17_24_BC_000256.JPG,2/9/19 12:47,BC,17,109,18/11/15,19/03/04,SQUIRRELGRAY
886,17_24_BC_000259.JPG,2/9/19 12:49,BC,17,109,18/11/15,19/03/04,SQUIRRELGRAY
887,17_24_BC_000262.JPG,2/9/19 12:50,BC,17,109,18/11/15,19/03/04,SQUIRRELGRAY
888,17_24_BC_000265.JPG,2/9/19 12:53,BC,17,109,18/11/15,19/03/04,SQUIRRELGRAY
889,11_13_BC_000184.JPG,2/9/19 14:39,BC,11,109,18/11/15,19/03/04,SQUIRRELGRAY
890,17_24_BC_000268.JPG,2/9/19 16:01,BC,17,109,18/11/15,19/03/04,SQUIRRELRED
891,11_13_BC_000187.JPG,2/10/19 12:25,BC,11,109,18/11/15,19/03/04,SQUIRRELGRAY
892,11_13_BC_000190.JPG,2/10/19 12:52,BC,11,109,18/11/15,19/03/04,SQUIRRELGRAY
893,11_13_BC_000193.JPG,2/11/19 9:25,BC,11,109,18/11/15,19/03/04,NOTHINGHERE
894,11_13_BC_000196.JPG,2/11/19 13:03,BC,11,109,18/11/15,19/03/04,NOTHINGHERE
895,11_13_BC_000199.JPG,2/11/19 13:52,BC,11,109,18/11/15,19/03/04,SQUIRRELGRAY
896,11_13_BC_000202.JPG,2/11/19 14:11,BC,11,109,18/11/15,19/03/04,SQUIRRELGRAY
897,11_13_BC_000205.JPG,2/12/19 12:26,BC,11,109,18/11/15,19/03/04,SOMETHINGHERE
898,11_13_BC_000208.JPG,2/12/19 12:27,BC,11,109,18/11/15,19/03/04,DEERWHITETAILED
899,11_13_BC_000211.JPG,2/12/19 12:29,BC,11,109,18/11/15,19/03/04,DEERWHITETAILED
900,11_13_BC_000214.JPG,2/12/19 15:53,BC,11,109,18/11/15,19/03/04,DEERWHITETAILED
901,11_13_BC_000217.JPG,2/12/19 23:25,BC,11,109,18/11/15,19/03/04,DEERWHITETAILED
902,11_13_BC_000220.JPG,2/13/19 2:02,BC,11,109,18/11/15,19/03/04,SOMETHINGHERE
903,21_21_DON_0168.JPG,2/18/19 6:27,DON,21,94,18/11/26,19/02/28,GROUSERUFFED
904,14_22_DON_000118.JPG,2/19/19 21:03,DON,14,74,18/12/13,19/02/25,DEERWHITETAILED
905,11_13_BC_000223.JPG,2/22/19 14:34,BC,11,109,18/11/15,19/03/04,SQUIRRELGRAY
906,21_21_DON_0171.JPG,2/24/19 11:02,DON,21,94,18/11/26,19/02/28,NOTHINGHERE
907,11_13_BC_000226.JPG,2/24/19 11:48,BC,11,109,18/11/15,19/03/04,NOTHINGHERE
908,11_13_BC_000229.JPG,2/24/19 21:50,BC,11,109,18/11/15,19/03/04,NOTHINGHERE
909,11_13_BC_000232.JPG,2/24/19 21:59,BC,11,109,18/11/15,19/03/04,NOTHINGHERE
910,21_21_DON_0174.JPG,2/25/19 10:19,DON,21,94,18/11/26,19/02/28,NOTHINGHERE
911,21_21_DON_0177.JPG,2/25/19 11:07,DON,21,94,18/11/26,19/02/28,NOTHINGHERE
912,21_21_DON_0180.JPG,2/25/19 11:46,DON,21,94,18/11/26,19/02/28,NOTHINGHERE
913,14_22_DON_000121.JPG,2/25/19 17:11,DON,14,74,18/12/13,19/02/25,HUMAN
914,11_13_BC_000235.JPG,2/26/19 6:14,BC,11,109,18/11/15,19/03/04,SOMETHINGHERE
915,11_13_BC_000238.JPG,2/26/19 8:03,BC,11,109,18/11/15,19/03/04,TURKEY
916,11_13_BC_000241.JPG,2/26/19 11:42,BC,11,109,18/11/15,19/03/04,SQUIRRELGRAY
917,11_13_BC_000244.JPG,2/26/19 12:10,BC,11,109,18/11/15,19/03/04,NOTHINGHERE
918,11_13_BC_000247.JPG,2/26/19 12:55,BC,11,109,18/11/15,19/03/04,NOTHINGHERE
919,11_13_BC_000250.JPG,3/2/19 11:19,BC,11,109,18/11/15,19/03/04,SQUIRRELGRAY
920,11_13_BC_000253.JPG,3/2/19 11:34,BC,11,109,18/11/15,19/03/04,SQUIRRELGRAY
921,11_13_BC_000256.JPG,3/2/19 12:20,BC,11,109,18/11/15,19/03/04,SQUIRRELGRAY
922,11_13_BC_000259.JPG,3/2/19 12:22,BC,11,109,18/11/15,19/03/04,SQUIRRELGRAY
923,17_24_BC_000271.JPG,3/2/19 14:04,BC,17,109,18/11/15,19/03/04,SQUIRRELGRAY
924,11_13_BC_000262.JPG,3/3/19 12:02,BC,11,109,18/11/15,19/03/04,NOTHINGHERE
925,11_13_BC_000265.JPG,3/3/19 12:11,BC,11,109,18/11/15,19/03/04,NOTHINGHERE
926,11_13_BC_000268.JPG,3/3/19 12:15,BC,11,109,18/11/15,19/03/04,NOTHINGHERE
927,11_13_BC_000271.JPG,3/3/19 12:41,BC,11,109,18/11/15,19/03/04,NOTHINGHERE
928,11_13_BC_000274.JPG,3/4/19 12:47,BC,11,109,18/11/15,19/03/04,NOTHINGHERE
929,11_13_BC_000277.JPG,3/4/19 13:06,BC,11,109,18/11/15,19/03/04,NOTHINGHERE
930,11_13_BC_000280.JPG,3/4/19 14:12,BC,11,109,18/11/15,19/03/04,NOTHINGHERE
931,11_13_BC_000283.JPG,3/4/19 15:24,BC,11,109,18/11/15,19/03/04,NOTHINGHERE