Sampling.Unit.Name,Event,td.photo,ndays,Start.Date,End.Date,bin,Photo.Date,Photo.Time,Sampling.Event
03_05_SH,03_05_SH_000001.JPG,11/14/18 16:00,89,11/14/18,2/11/19,NOTHINGHERE,11/14/18,11:00:10,2019.01
03_05_SH,03_05_SH_000004.JPG,11/19/18 4:08,89,11/14/18,2/11/19,NOTHINGHERE,11/19/18,23:08:12,2019.01
03_05_SH,03_05_SH_000007.JPG,11/22/18 9:00,89,11/14/18,2/11/19,NOTHINGHERE,11/22/18,4:00:17,2019.01
03_05_SH,03_05_SH_000010.JPG,11/25/18 13:38,89,11/14/18,2/11/19,NOTHINGHERE,11/25/18,8:38:06,2019.01
03_05_SH,03_05_SH_000013.JPG,11/28/18 6:43,89,11/14/18,2/11/19,SOMETHINGHERE,11/28/18,1:43:05,2019.01
04_26_WF,04_26_WF_000001.JPG,12/1/18 10:05,65,11/27/18,1/31/19,NOTHINGHERE,12/1/18,5:05:23,2019.01
04_26_WF,04_26_WF_000004.JPG,12/1/18 10:12,65,11/27/18,1/31/19,NOTHINGHERE,12/1/18,5:12:11,2019.01
04_26_WF,04_26_WF_000007.JPG,12/1/18 10:32,65,11/27/18,1/31/19,NOTHINGHERE,12/1/18,5:32:48,2019.01
04_26_WF,04_26_WF_000010.JPG,12/1/18 10:35,65,11/27/18,1/31/19,NOTHINGHERE,12/1/18,5:35:36,2019.01
04_26_WF,04_26_WF_000013.JPG,12/1/18 11:48,65,11/27/18,1/31/19,TURKEY,12/1/18,6:48:30,2019.01
04_26_WF,04_26_WF_000016.JPG,12/2/18 23:44,65,11/27/18,1/31/19,NOTHINGHERE,12/2/18,18:44:02,2019.01
04_26_WF,04_26_WF_000019.JPG,12/5/18 20:03,65,11/27/18,1/31/19,DEERWHITETAILED,12/5/18,15:03:20,2019.01
04_26_WF,04_26_WF_000022.JPG,12/5/18 20:07,65,11/27/18,1/31/19,DEERWHITETAILED,12/5/18,15:07:09,2019.01
04_26_WF,04_26_WF_000025.JPG,12/9/18 17:22,65,11/27/18,1/31/19,DEERWHITETAILED,12/9/18,12:22:07,2019.01
04_26_WF,04_26_WF_000028.JPG,12/22/18 15:25,65,11/27/18,1/31/19,DEERWHITETAILED,12/22/18,10:25:34,2019.01
04_26_WF,04_26_WF_000031.JPG,12/26/18 17:45,65,11/27/18,1/31/19,SOMETHINGHERE,12/26/18,12:45:12,2019.01
04_26_WF,04_26_WF_000034.JPG,12/27/18 8:14,65,11/27/18,1/31/19,DEERWHITETAILED,12/27/18,3:14:02,2019.01
04_26_WF,04_26_WF_000037.JPG,12/27/18 13:20,65,11/27/18,1/31/19,DOMESTICDOG,12/27/18,8:20:32,2019.01
04_26_WF,04_26_WF_000040.JPG,12/29/18 14:54,65,11/27/18,1/31/19,COYOTE,12/29/18,9:54:18,2019.01
04_26_WF,04_26_WF_000043.JPG,12/31/18 11:45,65,11/27/18,1/31/19,HUMAN,12/31/18,6:45:12,2019.01
04_26_WF,04_26_WF_000046.JPG,1/5/19 7:26,65,11/27/18,1/31/19,COYOTE,1/5/19,2:26:42,2019.01
04_26_WF,04_26_WF_000049.JPG,1/10/19 6:33,65,11/27/18,1/31/19,NOTHINGHERE,1/10/19,1:33:08,2019.01
08_23_DEG,08_23_DEG_000001.JPG,11/26/18 4:46,73,11/26/18,2/7/19,SOMETHINGHERE,11/26/18,23:46:56,2019.01
08_23_DEG,08_23_DEG_000004.JPG,11/26/18 6:27,73,11/26/18,2/7/19,DEERWHITETAILED,11/26/18,1:27:17,2019.01
08_23_DEG,08_23_DEG_000007.JPG,11/27/18 7:00,73,11/26/18,2/7/19,SOMETHINGHERE,11/27/18,2:00:47,2019.01
08_23_DEG,08_23_DEG_000010.JPG,11/28/18 17:29,73,11/26/18,2/7/19,NOTHINGHERE,11/28/18,12:29:15,2019.01
08_23_DEG,08_23_DEG_000013.JPG,11/28/18 17:34,73,11/26/18,2/7/19,SNOWSHOEHARE,11/28/18,12:34:32,2019.01
09_25_WF,09_25_WF_000001.JPG,11/28/18 10:16,65,11/27/18,1/31/19,DEERWHITETAILED,11/28/18,5:16:37,2019.01
09_25_WF,09_25_WF_000004.JPG,12/2/18 13:26,65,11/27/18,1/31/19,SQUIRRELGRAY,12/2/18,8:26:01,2019.01
11_13_BC,11_13_BC_000002.JPG,11/16/18 14:17,109,11/15/18,3/4/19,DEERWHITETAILED,11/16/18,9:17:12,2019.01
11_13_BC,11_13_BC_000004.JPG,11/16/18 14:18,109,11/15/18,3/4/19,DEERWHITETAILED,11/16/18,9:18:48,2019.01
11_13_BC,11_13_BC_000007.JPG,11/18/18 13:28,109,11/15/18,3/4/19,NOTHINGHERE,11/18/18,8:28:49,2019.01
11_13_BC,11_13_BC_000010.JPG,11/18/18 20:42,109,11/15/18,3/4/19,NOTHINGHERE,11/18/18,15:42:35,2019.01
11_13_BC,11_13_BC_000013.JPG,11/19/18 3:54,109,11/15/18,3/4/19,SOMETHINGHERE,11/19/18,22:54:04,2019.01
11_13_BC,11_13_BC_000016.JPG,11/20/18 14:15,109,11/15/18,3/4/19,SOMETHINGHERE,11/20/18,9:15:17,2019.01
11_13_BC,11_13_BC_000019.JPG,11/25/18 8:20,109,11/15/18,3/4/19,SQUIRRELGRAY,11/25/18,3:20:21,2019.01
11_13_BC,11_13_BC_000022.JPG,11/25/18 8:48,109,11/15/18,3/4/19,SQUIRRELGRAY,11/25/18,3:48:13,2019.01
11_13_BC,11_13_BC_000025.JPG,11/25/18 9:57,109,11/15/18,3/4/19,SQUIRRELGRAY,11/25/18,4:57:03,2019.01
11_13_BC,11_13_BC_000028.JPG,11/25/18 9:59,109,11/15/18,3/4/19,SQUIRRELGRAY,11/25/18,4:59:43,2019.01
11_13_BC,11_13_BC_000031.JPG,11/25/18 12:25,109,11/15/18,3/4/19,SQUIRRELGRAY,11/25/18,7:25:58,2019.01
11_13_BC,11_13_BC_000034.JPG,11/25/18 12:43,109,11/15/18,3/4/19,SQUIRRELGRAY,11/25/18,7:43:30,2019.01
11_13_BC,11_13_BC_000037.JPG,11/25/18 12:47,109,11/15/18,3/4/19,NOTHINGHERE,11/25/18,7:47:05,2019.01
11_13_BC,11_13_BC_000040.JPG,11/25/18 14:34,109,11/15/18,3/4/19,SQUIRRELGRAY,11/25/18,9:34:17,2019.01
11_13_BC,11_13_BC_000043.JPG,11/25/18 15:59,109,11/15/18,3/4/19,SOMETHINGHERE,11/25/18,10:59:20,2019.01
11_13_BC,11_13_BC_000046.JPG,11/25/18 17:26,109,11/15/18,3/4/19,PORCUPINE,11/25/18,12:26:50,2019.01
11_13_BC,11_13_BC_000049.JPG,11/25/18 18:36,109,11/15/18,3/4/19,PORCUPINE,11/25/18,13:36:29,2019.01
11_13_BC,11_13_BC_000052.JPG,11/26/18 8:01,109,11/15/18,3/4/19,SQUIRRELGRAY,11/26/18,3:01:29,2019.01
11_13_BC,11_13_BC_000055.JPG,11/26/18 10:59,109,11/15/18,3/4/19,SQUIRRELGRAY,11/26/18,5:59:37,2019.01
11_13_BC,11_13_BC_000058.JPG,11/27/18 10:21,109,11/15/18,3/4/19,NOTHINGHERE,11/27/18,5:21:10,2019.01
11_13_BC,11_13_BC_000061.JPG,11/28/18 12:21,109,11/15/18,3/4/19,SQUIRRELGRAY,11/28/18,7:21:17,2019.01
11_13_BC,11_13_BC_000064.JPG,11/29/18 11:09,109,11/15/18,3/4/19,SQUIRRELGRAY,11/29/18,6:09:54,2019.01
11_13_BC,11_13_BC_000067.JPG,11/29/18 11:50,109,11/15/18,3/4/19,SQUIRRELGRAY,11/29/18,6:50:38,2019.01
11_13_BC,11_13_BC_000070.JPG,11/29/18 17:26,109,11/15/18,3/4/19,PORCUPINE,11/29/18,12:26:23,2019.01
11_13_BC,11_13_BC_000073.JPG,12/1/18 17:10,109,11/15/18,3/4/19,PORCUPINE,12/1/18,12:10:01,2019.01
11_13_BC,11_13_BC_000076.JPG,12/2/18 13:07,109,11/15/18,3/4/19,SQUIRRELGRAY,12/2/18,8:07:15,2019.01
11_13_BC,11_13_BC_000079.JPG,12/3/18 13:10,109,11/15/18,3/4/19,SQUIRRELGRAY,12/3/18,8:10:36,2019.01
11_13_BC,11_13_BC_000082.JPG,12/5/18 17:30,109,11/15/18,3/4/19,PORCUPINE,12/5/18,12:30:13,2019.01
11_13_BC,11_13_BC_000085.JPG,12/7/18 8:32,109,11/15/18,3/4/19,NOTHINGHERE,12/7/18,3:32:09,2019.01
11_13_BC,11_13_BC_000088.JPG,12/8/18 11:57,109,11/15/18,3/4/19,SQUIRRELGRAY,12/8/18,6:57:16,2019.01
11_13_BC,11_13_BC_000091.JPG,12/10/18 13:23,109,11/15/18,3/4/19,SQUIRRELGRAY,12/10/18,8:23:17,2019.01
11_13_BC,11_13_BC_000094.JPG,12/10/18 13:37,109,11/15/18,3/4/19,SQUIRRELGRAY,12/10/18,8:37:07,2019.01
11_13_BC,11_13_BC_000097.JPG,12/10/18 13:44,109,11/15/18,3/4/19,SQUIRRELGRAY,12/10/18,8:44:06,2019.01
11_13_BC,11_13_BC_000100.JPG,12/12/18 12:05,109,11/15/18,3/4/19,SQUIRRELGRAY,12/12/18,7:05:02,2019.01
11_13_BC,11_13_BC_000103.JPG,12/12/18 12:12,109,11/15/18,3/4/19,NOTHINGHERE,12/12/18,7:12:14,2019.01
11_13_BC,11_13_BC_000106.JPG,12/12/18 12:15,109,11/15/18,3/4/19,NOTHINGHERE,12/12/18,7:15:46,2019.01
11_13_BC,11_13_BC_000109.JPG,12/12/18 12:27,109,11/15/18,3/4/19,SQUIRRELGRAY,12/12/18,7:27:49,2019.01
11_13_BC,11_13_BC_000112.JPG,12/14/18 23:43,109,11/15/18,3/4/19,OTHERSMALLMAMMAL,12/14/18,18:43:22,2019.01
11_13_BC,11_13_BC_000115.JPG,12/15/18 18:53,109,11/15/18,3/4/19,PORCUPINE,12/15/18,13:53:36,2019.01
11_13_BC,11_13_BC_000121.JPG,12/16/18 13:44,109,11/15/18,3/4/19,SQUIRRELGRAY,12/16/18,8:44:34,2019.01
11_13_BC,11_13_BC_000124.JPG,12/17/18 5:04,109,11/15/18,3/4/19,NOTHINGHERE,12/17/18,0:04:08,2019.01
11_13_BC,11_13_BC_000127.JPG,12/17/18 14:19,109,11/15/18,3/4/19,NOTHINGHERE,12/17/18,9:19:53,2019.01
11_13_BC,11_13_BC_000130.JPG,12/18/18 13:22,109,11/15/18,3/4/19,SQUIRRELGRAY,12/18/18,8:22:43,2019.01
11_13_BC,11_13_BC_000133.JPG,12/20/18 13:00,109,11/15/18,3/4/19,SQUIRRELGRAY,12/20/18,8:00:47,2019.01
11_13_BC,11_13_BC_000136.JPG,12/20/18 19:10,109,11/15/18,3/4/19,NOTHINGHERE,12/20/18,14:10:14,2019.01
11_13_BC,11_13_BC_000139.JPG,12/21/18 16:58,109,11/15/18,3/4/19,TURKEY,12/21/18,11:58:36,2019.01
11_13_BC,11_13_BC_000142.JPG,12/22/18 7:20,109,11/15/18,3/4/19,TURKEY,12/22/18,2:20:28,2019.01
11_13_BC,11_13_BC_000145.JPG,12/24/18 14:41,109,11/15/18,3/4/19,BOBCAT,12/24/18,9:41:24,2019.01
11_13_BC,11_13_BC_000148.JPG,12/30/18 18:12,109,11/15/18,3/4/19,PORCUPINE,12/30/18,13:12:08,2019.01
11_13_BC,11_13_BC_000151.JPG,12/30/18 18:23,109,11/15/18,3/4/19,PORCUPINE,12/30/18,13:23:18,2019.01
11_13_BC,11_13_BC_000154.JPG,12/31/18 13:27,109,11/15/18,3/4/19,SQUIRRELGRAY,12/31/18,8:27:37,2019.01
11_13_BC,11_13_BC_000157.JPG,12/31/18 20:51,109,11/15/18,3/4/19,NOTHINGHERE,12/31/18,15:51:59,2019.01
11_13_BC,11_13_BC_000160.JPG,1/2/19 10:08,109,11/15/18,3/4/19,NOTHINGHERE,1/2/19,5:08:39,2019.01
11_13_BC,11_13_BC_000163.JPG,1/5/19 18:25,109,11/15/18,3/4/19,PORCUPINE,1/5/19,13:25:33,2019.01
11_13_BC,11_13_BC_000166.JPG,1/7/19 1:32,109,11/15/18,3/4/19,OTHERSMALLMAMMAL,1/7/19,20:32:11,2019.01
11_13_BC,11_13_BC_000169.JPG,1/7/19 2:21,109,11/15/18,3/4/19,WEASEL,1/7/19,21:21:08,2019.01
11_13_BC,11_13_BC_000172.JPG,1/13/19 9:26,109,11/15/18,3/4/19,SQUIRRELGRAY,1/13/19,4:26:33,2019.01
11_13_BC,11_13_BC_000175.JPG,1/13/19 9:33,109,11/15/18,3/4/19,SQUIRRELGRAY,1/13/19,4:33:20,2019.01
11_13_BC,11_13_BC_000178.JPG,1/19/19 7:20,109,11/15/18,3/4/19,GROUSERUFFED,1/19/19,2:20:36,2019.01
11_13_BC,11_13_BC_000181.JPG,1/31/19 9:08,109,11/15/18,3/4/19,FISHER,1/31/19,4:08:14,2019.01
11_13_BC,11_13_BC_000184.JPG,2/9/19 14:39,109,11/15/18,3/4/19,SQUIRRELGRAY,2/9/19,9:39:11,2019.01
11_13_BC,11_13_BC_000187.JPG,2/10/19 12:25,109,11/15/18,3/4/19,SQUIRRELGRAY,2/10/19,7:25:28,2019.01
11_13_BC,11_13_BC_000190.JPG,2/10/19 12:52,109,11/15/18,3/4/19,SQUIRRELGRAY,2/10/19,7:52:36,2019.01
11_13_BC,11_13_BC_000193.JPG,2/11/19 9:25,109,11/15/18,3/4/19,NOTHINGHERE,2/11/19,4:25:24,2019.01
11_13_BC,11_13_BC_000196.JPG,2/11/19 13:03,109,11/15/18,3/4/19,NOTHINGHERE,2/11/19,8:03:21,2019.01
11_13_BC,11_13_BC_000199.JPG,2/11/19 13:52,109,11/15/18,3/4/19,SQUIRRELGRAY,2/11/19,8:52:24,2019.01
11_13_BC,11_13_BC_000202.JPG,2/11/19 14:11,109,11/15/18,3/4/19,SQUIRRELGRAY,2/11/19,9:11:13,2019.01
11_13_BC,11_13_BC_000205.JPG,2/12/19 12:26,109,11/15/18,3/4/19,SOMETHINGHERE,2/12/19,7:26:11,2019.01
11_13_BC,11_13_BC_000208.JPG,2/12/19 12:27,109,11/15/18,3/4/19,DEERWHITETAILED,2/12/19,7:27:48,2019.01
11_13_BC,11_13_BC_000211.JPG,2/12/19 12:29,109,11/15/18,3/4/19,DEERWHITETAILED,2/12/19,7:29:24,2019.01
11_13_BC,11_13_BC_000214.JPG,2/12/19 15:53,109,11/15/18,3/4/19,DEERWHITETAILED,2/12/19,10:53:05,2019.01
11_13_BC,11_13_BC_000217.JPG,2/12/19 23:25,109,11/15/18,3/4/19,DEERWHITETAILED,2/12/19,18:25:02,2019.01
11_13_BC,11_13_BC_000220.JPG,2/13/19 2:02,109,11/15/18,3/4/19,SOMETHINGHERE,2/13/19,21:02:02,2019.01
11_13_BC,11_13_BC_000223.JPG,2/22/19 14:34,109,11/15/18,3/4/19,SQUIRRELGRAY,2/22/19,9:34:39,2019.01
11_13_BC,11_13_BC_000226.JPG,2/24/19 11:48,109,11/15/18,3/4/19,NOTHINGHERE,2/24/19,6:48:07,2019.01
11_13_BC,11_13_BC_000229.JPG,2/24/19 21:50,109,11/15/18,3/4/19,NOTHINGHERE,2/24/19,16:50:09,2019.01
11_13_BC,11_13_BC_000232.JPG,2/24/19 21:59,109,11/15/18,3/4/19,NOTHINGHERE,2/24/19,16:59:58,2019.01
11_13_BC,11_13_BC_000235.JPG,2/26/19 6:14,109,11/15/18,3/4/19,SOMETHINGHERE,2/26/19,1:14:28,2019.01
11_13_BC,11_13_BC_000238.JPG,2/26/19 8:03,109,11/15/18,3/4/19,TURKEY,2/26/19,3:03:30,2019.01
11_13_BC,11_13_BC_000241.JPG,2/26/19 11:42,109,11/15/18,3/4/19,SQUIRRELGRAY,2/26/19,6:42:29,2019.01
11_13_BC,11_13_BC_000244.JPG,2/26/19 12:10,109,11/15/18,3/4/19,NOTHINGHERE,2/26/19,7:10:39,2019.01
11_13_BC,11_13_BC_000247.JPG,2/26/19 12:55,109,11/15/18,3/4/19,NOTHINGHERE,2/26/19,7:55:26,2019.01
11_13_BC,11_13_BC_000250.JPG,3/2/19 11:19,109,11/15/18,3/4/19,SQUIRRELGRAY,3/2/19,6:19:38,2019.01
11_13_BC,11_13_BC_000253.JPG,3/2/19 11:34,109,11/15/18,3/4/19,SQUIRRELGRAY,3/2/19,6:34:05,2019.01
11_13_BC,11_13_BC_000256.JPG,3/2/19 12:20,109,11/15/18,3/4/19,SQUIRRELGRAY,3/2/19,7:20:09,2019.01
11_13_BC,11_13_BC_000259.JPG,3/2/19 12:22,109,11/15/18,3/4/19,SQUIRRELGRAY,3/2/19,7:22:03,2019.01
11_13_BC,11_13_BC_000262.JPG,3/3/19 12:02,109,11/15/18,3/4/19,NOTHINGHERE,3/3/19,7:02:00,2019.01
11_13_BC,11_13_BC_000265.JPG,3/3/19 12:11,109,11/15/18,3/4/19,NOTHINGHERE,3/3/19,7:11:20,2019.01
11_13_BC,11_13_BC_000268.JPG,3/3/19 12:15,109,11/15/18,3/4/19,NOTHINGHERE,3/3/19,7:15:27,2019.01
11_13_BC,11_13_BC_000271.JPG,3/3/19 12:41,109,11/15/18,3/4/19,NOTHINGHERE,3/3/19,7:41:41,2019.01
11_13_BC,11_13_BC_000274.JPG,3/4/19 12:47,109,11/15/18,3/4/19,NOTHINGHERE,3/4/19,7:47:50,2019.01
11_13_BC,11_13_BC_000277.JPG,3/4/19 13:06,109,11/15/18,3/4/19,NOTHINGHERE,3/4/19,8:06:22,2019.01
11_13_BC,11_13_BC_000280.JPG,3/4/19 14:12,109,11/15/18,3/4/19,NOTHINGHERE,3/4/19,9:12:29,2019.01
11_13_BC,11_13_BC_000283.JPG,3/4/19 15:24,109,11/15/18,3/4/19,NOTHINGHERE,3/4/19,10:24:11,2019.01
14_22_DON,14_22_DON_000001.JPG,12/13/18 14:34,74,12/13/18,2/25/19,SOMETHINGHERE,12/13/18,9:34:44,2019.01
14_22_DON,14_22_DON_000004.JPG,12/13/18 18:06,74,12/13/18,2/25/19,DEERWHITETAILED,12/13/18,13:06:15,2019.01
14_22_DON,14_22_DON_000007.JPG,12/15/18 12:00,74,12/13/18,2/25/19,NOTHINGHERE,12/15/18,7:00:57,2019.01
14_22_DON,14_22_DON_000010.JPG,12/15/18 13:22,74,12/13/18,2/25/19,NOTHINGHERE,12/15/18,8:22:04,2019.01
14_22_DON,14_22_DON_000013.JPG,12/16/18 0:48,74,12/13/18,2/25/19,RACCOON,12/16/18,19:48:19,2019.01
14_22_DON,14_22_DON_000016.JPG,12/16/18 17:12,74,12/13/18,2/25/19,DEERWHITETAILED,12/16/18,12:12:04,2019.01
14_22_DON,14_22_DON_000019.JPG,12/16/18 19:18,74,12/13/18,2/25/19,DEERWHITETAILED,12/16/18,14:18:31,2019.01
14_22_DON,14_22_DON_000022.JPG,12/16/18 19:25,74,12/13/18,2/25/19,NOTHINGHERE,12/16/18,14:25:14,2019.01
14_22_DON,14_22_DON_000025.JPG,12/18/18 7:23,74,12/13/18,2/25/19,DEERWHITETAILED,12/18/18,2:23:06,2019.01
14_22_DON,14_22_DON_000028.JPG,12/18/18 16:00,74,12/13/18,2/25/19,DEERWHITETAILED,12/18/18,11:00:23,2019.01
14_22_DON,14_22_DON_000031.JPG,12/18/18 23:06,74,12/13/18,2/25/19,DEERWHITETAILED,12/18/18,18:06:02,2019.01
14_22_DON,14_22_DON_000034.JPG,12/19/18 6:20,74,12/13/18,2/25/19,DEERWHITETAILED,12/19/18,1:20:30,2019.01
14_22_DON,14_22_DON_000037.JPG,12/19/18 7:58,74,12/13/18,2/25/19,DEERWHITETAILED,12/19/18,2:58:55,2019.01
14_22_DON,14_22_DON_000040.JPG,12/19/18 8:04,74,12/13/18,2/25/19,DEERWHITETAILED,12/19/18,3:04:18,2019.01
14_22_DON,14_22_DON_000043.JPG,12/19/18 15:06,74,12/13/18,2/25/19,NOTHINGHERE,12/19/18,10:06:02,2019.01
14_22_DON,14_22_DON_000046.JPG,12/20/18 9:38,74,12/13/18,2/25/19,DEERWHITETAILED,12/20/18,4:38:33,2019.01
14_22_DON,14_22_DON_000049.JPG,12/21/18 11:37,74,12/13/18,2/25/19,DEERWHITETAILED,12/21/18,6:37:33,2019.01
14_22_DON,14_22_DON_000052.JPG,12/21/18 18:25,74,12/13/18,2/25/19,DEERWHITETAILED,12/21/18,13:25:20,2019.01
14_22_DON,14_22_DON_000055.JPG,12/24/18 4:00,74,12/13/18,2/25/19,DEERWHITETAILED,12/24/18,23:00:16,2019.01
14_22_DON,14_22_DON_000058.JPG,12/26/18 19:28,74,12/13/18,2/25/19,DEERWHITETAILED,12/26/18,14:28:02,2019.01
14_22_DON,14_22_DON_000061.JPG,12/27/18 16:28,74,12/13/18,2/25/19,DEERWHITETAILED,12/27/18,11:28:24,2019.01
14_22_DON,14_22_DON_000064.JPG,12/27/18 21:00,74,12/13/18,2/25/19,SOMETHINGHERE,12/27/18,16:00:41,2019.01
14_22_DON,14_22_DON_000067.JPG,12/31/18 8:12,74,12/13/18,2/25/19,DEERWHITETAILED,12/31/18,3:12:20,2019.01
14_22_DON,14_22_DON_000070.JPG,12/31/18 16:53,74,12/13/18,2/25/19,RACCOON,12/31/18,11:53:41,2019.01
14_22_DON,14_22_DON_000073.JPG,1/8/19 2:00,74,12/13/18,2/25/19,NOTHINGHERE,1/8/19,21:00:20,2019.01
14_22_DON,14_22_DON_000076.JPG,1/8/19 2:43,74,12/13/18,2/25/19,NOTHINGHERE,1/8/19,21:43:38,2019.01
14_22_DON,14_22_DON_000079.JPG,1/12/19 12:22,74,12/13/18,2/25/19,NOTHINGHERE,1/12/19,7:22:13,2019.01
14_22_DON,14_22_DON_000082.JPG,1/12/19 12:24,74,12/13/18,2/25/19,NOTHINGHERE,1/12/19,7:24:27,2019.01
14_22_DON,14_22_DON_000085.JPG,1/12/19 17:20,74,12/13/18,2/25/19,COYOTE,1/12/19,12:20:09,2019.01
14_22_DON,14_22_DON_000088.JPG,1/13/19 16:20,74,12/13/18,2/25/19,DEERWHITETAILED,1/13/19,11:20:33,2019.01
14_22_DON,14_22_DON_000091.JPG,1/16/19 4:34,74,12/13/18,2/25/19,NOTHINGHERE,1/16/19,23:34:30,2019.01
14_22_DON,14_22_DON_000094.JPG,1/18/19 10:58,74,12/13/18,2/25/19,DEERWHITETAILED,1/18/19,5:58:13,2019.01
14_22_DON,14_22_DON_000097.JPG,1/18/19 11:05,74,12/13/18,2/25/19,DEERWHITETAILED,1/18/19,6:05:31,2019.01
14_22_DON,14_22_DON_000100.JPG,1/27/19 2:26,74,12/13/18,2/25/19,FOXRED,1/27/19,21:26:10,2019.01
14_22_DON,14_22_DON_000103.JPG,2/2/19 11:03,74,12/13/18,2/25/19,NOTHINGHERE,2/2/19,6:03:18,2019.01
14_22_DON,14_22_DON_000106.JPG,2/2/19 11:24,74,12/13/18,2/25/19,DEERWHITETAILED,2/2/19,6:24:00,2019.01
14_22_DON,14_22_DON_000109.JPG,2/7/19 9:26,74,12/13/18,2/25/19,GROUSERUFFED,2/7/19,4:26:16,2019.01
14_22_DON,14_22_DON_000112.JPG,2/7/19 11:13,74,12/13/18,2/25/19,FOXRED,2/7/19,6:13:12,2019.01
14_22_DON,14_22_DON_000115.JPG,2/8/19 18:17,74,12/13/18,2/25/19,NOTHINGHERE,2/8/19,13:17:15,2019.01
14_22_DON,14_22_DON_000118.JPG,2/19/19 21:03,74,12/13/18,2/25/19,DEERWHITETAILED,2/19/19,16:03:13,2019.01
14_22_DON,14_22_DON_000121.JPG,2/25/19 17:11,74,12/13/18,2/25/19,HUMAN,2/25/19,12:11:07,2019.01
15_14_DEG,15_14_DEG_000002.JPG,12/1/18 8:16,73,11/26/18,2/7/19,DEERWHITETAILED,12/1/18,3:16:56,2019.01
15_14_DEG,15_14_DEG_000004.JPG,12/4/18 18:54,73,11/26/18,2/7/19,DEERWHITETAILED,12/4/18,13:54:45,2019.01
15_14_DEG,15_14_DEG_000007.JPG,12/4/18 18:57,73,11/26/18,2/7/19,DEERWHITETAILED,12/4/18,13:57:26,2019.01
15_14_DEG,15_14_DEG_000013.JPG,12/5/18 13:58,73,11/26/18,2/7/19,HUMAN,12/5/18,8:58:53,2019.01
15_14_DEG,15_14_DEG_000016.JPG,12/8/18 8:18,73,11/26/18,2/7/19,DEERWHITETAILED,12/8/18,3:18:04,2019.01
15_14_DEG,15_14_DEG_000019.JPG,12/8/18 10:53,73,11/26/18,2/7/19,HUMAN,12/8/18,5:53:16,2019.01
15_14_DEG,15_14_DEG_000022.JPG,12/9/18 3:47,73,11/26/18,2/7/19,DEERWHITETAILED,12/9/18,22:47:01,2019.01
15_14_DEG,15_14_DEG_000025.JPG,12/12/18 9:02,73,11/26/18,2/7/19,DEERWHITETAILED,12/12/18,4:02:39,2019.01
15_14_DEG,15_14_DEG_000028.JPG,12/15/18 1:31,73,11/26/18,2/7/19,NOTHINGHERE,12/15/18,20:31:52,2019.01
15_14_DEG,15_14_DEG_000031.JPG,12/15/18 6:52,73,11/26/18,2/7/19,COYOTE,12/15/18,1:52:17,2019.01
15_14_DEG,15_14_DEG_000034.JPG,12/16/18 7:21,73,11/26/18,2/7/19,DEERWHITETAILED,12/16/18,2:21:40,2019.01
15_14_DEG,15_14_DEG_000037.JPG,12/16/18 9:39,73,11/26/18,2/7/19,DEERWHITETAILED,12/16/18,4:39:17,2019.01
15_14_DEG,15_14_DEG_000040.JPG,12/16/18 12:14,73,11/26/18,2/7/19,DEERWHITETAILED,12/16/18,7:14:04,2019.01
15_14_DEG,15_14_DEG_000043.JPG,12/16/18 12:15,73,11/26/18,2/7/19,DEERWHITETAILED,12/16/18,7:15:43,2019.01
15_14_DEG,15_14_DEG_000046.JPG,12/17/18 22:16,73,11/26/18,2/7/19,DEERWHITETAILED,12/17/18,17:16:37,2019.01
15_14_DEG,15_14_DEG_000049.JPG,12/17/18 22:19,73,11/26/18,2/7/19,DEERWHITETAILED,12/17/18,17:19:09,2019.01
15_14_DEG,15_14_DEG_000052.JPG,12/18/18 5:21,73,11/26/18,2/7/19,SOMETHINGHERE,12/18/18,0:21:07,2019.01
15_14_DEG,15_14_DEG_000055.JPG,12/18/18 23:07,73,11/26/18,2/7/19,DEERWHITETAILED,12/18/18,18:07:04,2019.01
15_14_DEG,15_14_DEG_000058.JPG,12/19/18 7:13,73,11/26/18,2/7/19,DEERWHITETAILED,12/19/18,2:13:42,2019.01
15_14_DEG,15_14_DEG_000061.JPG,12/19/18 7:38,73,11/26/18,2/7/19,DEERWHITETAILED,12/19/18,2:38:00,2019.01
15_14_DEG,15_14_DEG_000064.JPG,12/19/18 7:39,73,11/26/18,2/7/19,DEERWHITETAILED,12/19/18,2:39:38,2019.01
15_14_DEG,15_14_DEG_000067.JPG,12/19/18 7:41,73,11/26/18,2/7/19,DEERWHITETAILED,12/19/18,2:41:30,2019.01
15_14_DEG,15_14_DEG_000070.JPG,12/19/18 8:35,73,11/26/18,2/7/19,NOTHINGHERE,12/19/18,3:35:33,2019.01
15_14_DEG,15_14_DEG_000073.JPG,12/19/18 20:46,73,11/26/18,2/7/19,DEERWHITETAILED,12/19/18,15:46:11,2019.01
15_14_DEG,15_14_DEG_000076.JPG,12/19/18 20:47,73,11/26/18,2/7/19,DEERWHITETAILED,12/19/18,15:47:49,2019.01
15_14_DEG,15_14_DEG_000079.JPG,12/20/18 1:12,73,11/26/18,2/7/19,DEERWHITETAILED,12/20/18,20:12:40,2019.01
15_14_DEG,15_14_DEG_000082.JPG,12/20/18 2:10,73,11/26/18,2/7/19,DEERWHITETAILED,12/20/18,21:10:24,2019.01
15_14_DEG,15_14_DEG_000085.JPG,12/20/18 9:17,73,11/26/18,2/7/19,DEERWHITETAILED,12/20/18,4:17:43,2019.01
15_14_DEG,15_14_DEG_000088.JPG,12/20/18 15:43,73,11/26/18,2/7/19,DEERWHITETAILED,12/20/18,10:43:52,2019.01
15_14_DEG,15_14_DEG_000091.JPG,12/20/18 15:45,73,11/26/18,2/7/19,DEERWHITETAILED,12/20/18,10:45:33,2019.01
15_14_DEG,15_14_DEG_000094.JPG,12/21/18 1:20,73,11/26/18,2/7/19,DEERWHITETAILED,12/21/18,20:20:56,2019.01
15_14_DEG,15_14_DEG_000097.JPG,12/22/18 15:54,73,11/26/18,2/7/19,DEERWHITETAILED,12/22/18,10:54:54,2019.01
15_14_DEG,15_14_DEG_000100.JPG,12/22/18 15:56,73,11/26/18,2/7/19,DEERWHITETAILED,12/22/18,10:56:31,2019.01
15_14_DEG,15_14_DEG_000103.JPG,12/23/18 7:32,73,11/26/18,2/7/19,DEERWHITETAILED,12/23/18,2:32:07,2019.01
15_14_DEG,15_14_DEG_000106.JPG,12/23/18 21:18,73,11/26/18,2/7/19,COYOTE,12/23/18,16:18:14,2019.01
15_14_DEG,15_14_DEG_000109.JPG,12/25/18 9:34,73,11/26/18,2/7/19,DEERWHITETAILED,12/25/18,4:34:17,2019.01
15_14_DEG,15_14_DEG_000112.JPG,12/25/18 9:37,73,11/26/18,2/7/19,DEERWHITETAILED,12/25/18,4:37:20,2019.01
15_14_DEG,15_14_DEG_000118.JPG,12/25/18 21:35,73,11/26/18,2/7/19,DEERWHITETAILED,12/25/18,16:35:06,2019.01
15_14_DEG,15_14_DEG_000121.JPG,12/25/18 21:41,73,11/26/18,2/7/19,DEERWHITETAILED,12/25/18,16:41:08,2019.01
15_14_DEG,15_14_DEG_000124.JPG,12/26/18 6:53,73,11/26/18,2/7/19,DEERWHITETAILED,12/26/18,1:53:40,2019.01
15_14_DEG,15_14_DEG_000127.JPG,12/26/18 15:56,73,11/26/18,2/7/19,TURKEY,12/26/18,10:56:25,2019.01
15_14_DEG,15_14_DEG_000130.JPG,12/29/18 13:11,73,11/26/18,2/7/19,SOMETHINGHERE,12/29/18,8:11:22,2019.01
15_14_DEG,15_14_DEG_000133.JPG,1/5/19 12:05,73,11/26/18,2/7/19,DEERWHITETAILED,1/5/19,7:05:39,2019.01
15_14_DEG,15_14_DEG_000139.JPG,1/12/19 8:25,73,11/26/18,2/7/19,DEERWHITETAILED,1/12/19,3:25:29,2019.01
15_14_DEG,15_14_DEG_000142.JPG,1/14/19 10:59,73,11/26/18,2/7/19,DEERWHITETAILED,1/14/19,5:59:03,2019.01
15_14_DEG,15_14_DEG_000145.JPG,1/14/19 11:22,73,11/26/18,2/7/19,DEERWHITETAILED,1/14/19,6:22:27,2019.01
15_14_DEG,15_14_DEG_000148.JPG,1/21/19 16:50,73,11/26/18,2/7/19,NOTHINGHERE,1/21/19,11:50:21,2019.01
15_14_DEG,15_14_DEG_000151.JPG,1/22/19 2:09,73,11/26/18,2/7/19,DEERWHITETAILED,1/22/19,21:09:21,2019.01
15_14_DEG,15_14_DEG_000154.JPG,1/22/19 4:04,73,11/26/18,2/7/19,SOMETHINGHERE,1/22/19,23:04:21,2019.01
15_14_DEG,15_14_DEG_000157.JPG,1/25/19 8:43,73,11/26/18,2/7/19,DEERWHITETAILED,1/25/19,3:43:09,2019.01
15_14_DEG,15_14_DEG_000160.JPG,1/28/19 11:45,73,11/26/18,2/7/19,DEERWHITETAILED,1/28/19,6:45:31,2019.01
15_14_DEG,15_14_DEG_000163.JPG,1/28/19 16:55,73,11/26/18,2/7/19,DEERWHITETAILED,1/28/19,11:55:15,2019.01
15_14_DEG,15_14_DEG_000166.JPG,1/28/19 16:56,73,11/26/18,2/7/19,NOTHINGHERE,1/28/19,11:56:53,2019.01
15_14_DEG,15_14_DEG_000169.JPG,1/29/19 11:16,73,11/26/18,2/7/19,DEERWHITETAILED,1/29/19,6:16:54,2019.01
15_14_DEG,15_14_DEG_000172.JPG,1/31/19 17:06,73,11/26/18,2/7/19,DEERWHITETAILED,1/31/19,12:06:20,2019.01
15_14_DEG,15_14_DEG_000175.JPG,2/1/19 7:45,73,11/26/18,2/7/19,DEERWHITETAILED,2/1/19,2:45:52,2019.01
15_14_DEG,15_14_DEG_000178.JPG,2/1/19 9:38,73,11/26/18,2/7/19,DEERWHITETAILED,2/1/19,4:38:43,2019.01
15_14_DEG,15_14_DEG_000181.JPG,2/2/19 9:06,73,11/26/18,2/7/19,DEERWHITETAILED,2/2/19,4:06:45,2019.01
15_14_DEG,15_14_DEG_000184.JPG,2/2/19 16:04,73,11/26/18,2/7/19,DEERWHITETAILED,2/2/19,11:04:49,2019.01
15_14_DEG,15_14_DEG_000187.JPG,2/2/19 16:33,73,11/26/18,2/7/19,DEERWHITETAILED,2/2/19,11:33:34,2019.01
15_14_DEG,15_14_DEG_000190.JPG,2/3/19 10:14,73,11/26/18,2/7/19,DEERWHITETAILED,2/3/19,5:14:31,2019.01
15_14_DEG,15_14_DEG_000193.JPG,2/3/19 12:03,73,11/26/18,2/7/19,DEERWHITETAILED,2/3/19,7:03:08,2019.01
15_14_DEG,15_14_DEG_000196.JPG,2/4/19 23:41,73,11/26/18,2/7/19,SOMETHINGHERE,2/4/19,18:41:00,2019.01
15_14_DEG,15_14_DEG_000199.JPG,2/5/19 15:22,73,11/26/18,2/7/19,DEERWHITETAILED,2/5/19,10:22:07,2019.01
15_14_DEG,15_14_DEG_000202.JPG,2/6/19 8:10,73,11/26/18,2/7/19,DEERWHITETAILED,2/6/19,3:10:01,2019.01
15_14_DEG,15_14_DEG_000205.JPG,2/6/19 8:13,73,11/26/18,2/7/19,NOTHINGHERE,2/6/19,3:13:58,2019.01
15_14_DEG,15_14_DEG_000208.JPG,2/6/19 8:50,73,11/26/18,2/7/19,DEERWHITETAILED,2/6/19,3:50:29,2019.01
15_14_DEG,15_14_DEG_000211.JPG,2/6/19 8:52,73,11/26/18,2/7/19,NOTHINGHERE,2/6/19,3:52:08,2019.01
15_14_DEG,15_14_DEG_000214.JPG,2/6/19 8:54,73,11/26/18,2/7/19,DEERWHITETAILED,2/6/19,3:54:21,2019.01
15_14_DEG,15_14_DEG_000217.JPG,2/6/19 12:46,73,11/26/18,2/7/19,DEERWHITETAILED,2/6/19,7:46:08,2019.01
15_14_DEG,15_14_DEG_000220.JPG,2/6/19 15:37,73,11/26/18,2/7/19,DEERWHITETAILED,2/6/19,10:37:11,2019.01
15_14_DEG,15_14_DEG_000223.JPG,2/6/19 15:49,73,11/26/18,2/7/19,DEERWHITETAILED,2/6/19,10:49:57,2019.01
15_14_DEG,15_14_DEG_000226.JPG,2/6/19 16:32,73,11/26/18,2/7/19,DEERWHITETAILED,2/6/19,11:32:58,2019.01
15_14_DEG,15_14_DEG_000229.JPG,2/7/19 12:41,73,11/26/18,2/7/19,DEERWHITETAILED,2/7/19,7:41:51,2019.01
15_14_DEG,15_14_DEG_000232.JPG,2/7/19 12:43,73,11/26/18,2/7/19,DEERWHITETAILED,2/7/19,7:43:39,2019.01
15_14_DEG,15_14_DEG_000235.JPG,2/7/19 13:14,73,11/26/18,2/7/19,DEERWHITETAILED,2/7/19,8:14:29,2019.01
15_14_DEG,15_14_DEG_000238.JPG,2/7/19 13:16,73,11/26/18,2/7/19,DEERWHITETAILED,2/7/19,8:16:39,2019.01
15_14_DEG,15_14_DEG_000241.JPG,2/7/19 13:20,73,11/26/18,2/7/19,DEERWHITETAILED,2/7/19,8:20:41,2019.01
17_24_BC,17_24_BC_000001.JPG,11/16/18 16:09,109,11/15/18,3/4/19,DEERWHITETAILED,11/16/18,11:09:15,2019.01
17_24_BC,17_24_BC_000004.JPG,11/16/18 21:59,109,11/15/18,3/4/19,DEERWHITETAILED,11/16/18,16:59:05,2019.01
17_24_BC,17_24_BC_000007.JPG,11/16/18 23:04,109,11/15/18,3/4/19,DEERWHITETAILED,11/16/18,18:04:49,2019.01
17_24_BC,17_24_BC_000010.JPG,11/16/18 23:06,109,11/15/18,3/4/19,DEERWHITETAILED,11/16/18,18:06:26,2019.01
17_24_BC,17_24_BC_000013.JPG,11/17/18 14:11,109,11/15/18,3/4/19,DEERWHITETAILED,11/17/18,9:11:41,2019.01
17_24_BC,17_24_BC_000016.JPG,11/17/18 14:13,109,11/15/18,3/4/19,DEERWHITETAILED,11/17/18,9:13:40,2019.01
17_24_BC,17_24_BC_000019.JPG,11/17/18 18:11,109,11/15/18,3/4/19,DEERWHITETAILED,11/17/18,13:11:01,2019.01
17_24_BC,17_24_BC_000022.JPG,11/17/18 22:12,109,11/15/18,3/4/19,NOTHINGHERE,11/17/18,17:12:16,2019.01
17_24_BC,17_24_BC_000025.JPG,11/18/18 7:27,109,11/15/18,3/4/19,DEERWHITETAILED,11/18/18,2:27:02,2019.01
17_24_BC,17_24_BC_000028.JPG,11/18/18 11:16,109,11/15/18,3/4/19,SQUIRRELGRAY,11/18/18,6:16:24,2019.01
17_24_BC,17_24_BC_000031.JPG,11/18/18 13:05,109,11/15/18,3/4/19,SQUIRRELGRAY,11/18/18,8:05:26,2019.01
17_24_BC,17_24_BC_000034.JPG,11/18/18 13:07,109,11/15/18,3/4/19,SQUIRRELGRAY,11/18/18,8:07:42,2019.01
17_24_BC,17_24_BC_000037.JPG,11/20/18 12:26,109,11/15/18,3/4/19,SQUIRRELGRAY,11/20/18,7:26:41,2019.01
17_24_BC,17_24_BC_000040.JPG,11/20/18 22:03,109,11/15/18,3/4/19,DEERWHITETAILED,11/20/18,17:03:08,2019.01
17_24_BC,17_24_BC_000043.JPG,11/20/18 23:17,109,11/15/18,3/4/19,DEERWHITETAILED,11/20/18,18:17:21,2019.01
17_24_BC,17_24_BC_000046.JPG,11/21/18 14:18,109,11/15/18,3/4/19,DEERWHITETAILED,11/21/18,9:18:26,2019.01
17_24_BC,17_24_BC_000049.JPG,11/24/18 12:35,109,11/15/18,3/4/19,NOTHINGHERE,11/24/18,7:35:20,2019.01
17_24_BC,17_24_BC_000052.JPG,11/24/18 17:34,109,11/15/18,3/4/19,SOMETHINGHERE,11/24/18,12:34:23,2019.01
17_24_BC,17_24_BC_000055.JPG,11/25/18 8:24,109,11/15/18,3/4/19,SQUIRRELGRAY,11/25/18,3:24:20,2019.01
17_24_BC,17_24_BC_000058.JPG,11/25/18 10:58,109,11/15/18,3/4/19,NOTHINGHERE,11/25/18,5:58:14,2019.01
17_24_BC,17_24_BC_000061.JPG,11/25/18 11:47,109,11/15/18,3/4/19,SQUIRRELGRAY,11/25/18,6:47:35,2019.01
17_24_BC,17_24_BC_000064.JPG,11/25/18 12:15,109,11/15/18,3/4/19,SQUIRRELGRAY,11/25/18,7:15:41,2019.01
17_24_BC,17_24_BC_000067.JPG,11/26/18 13:20,109,11/15/18,3/4/19,SQUIRRELGRAY,11/26/18,8:20:19,2019.01
17_24_BC,17_24_BC_000070.JPG,11/27/18 8:56,109,11/15/18,3/4/19,SQUIRRELGRAY,11/27/18,3:56:00,2019.01
17_24_BC,17_24_BC_000073.JPG,11/28/18 9:04,109,11/15/18,3/4/19,SQUIRRELGRAY,11/28/18,4:04:03,2019.01
17_24_BC,17_24_BC_000076.JPG,11/28/18 19:54,109,11/15/18,3/4/19,DEERWHITETAILED,11/28/18,14:54:02,2019.01
17_24_BC,17_24_BC_000079.JPG,11/28/18 19:56,109,11/15/18,3/4/19,DEERWHITETAILED,11/28/18,14:56:11,2019.01
17_24_BC,17_24_BC_000082.JPG,11/28/18 19:59,109,11/15/18,3/4/19,DEERWHITETAILED,11/28/18,14:59:30,2019.01
17_24_BC,17_24_BC_000085.JPG,11/28/18 22:56,109,11/15/18,3/4/19,DEERWHITETAILED,11/28/18,17:56:51,2019.01
17_24_BC,17_24_BC_000088.JPG,12/1/18 14:05,109,11/15/18,3/4/19,SOMETHINGHERE,12/1/18,9:05:02,2019.01
17_24_BC,17_24_BC_000091.JPG,12/3/18 9:53,109,11/15/18,3/4/19,SQUIRRELGRAY,12/3/18,4:53:09,2019.01
17_24_BC,17_24_BC_000094.JPG,12/3/18 14:02,109,11/15/18,3/4/19,SQUIRRELGRAY,12/3/18,9:02:22,2019.01
17_24_BC,17_24_BC_000097.JPG,12/3/18 14:44,109,11/15/18,3/4/19,SQUIRRELGRAY,12/3/18,9:44:12,2019.01
17_24_BC,17_24_BC_000100.JPG,12/4/18 6:43,109,11/15/18,3/4/19,SOMETHINGHERE,12/4/18,1:43:28,2019.01
17_24_BC,17_24_BC_000103.JPG,12/6/18 16:22,109,11/15/18,3/4/19,DEERWHITETAILED,12/6/18,11:22:34,2019.01
17_24_BC,17_24_BC_000106.JPG,12/7/18 8:25,109,11/15/18,3/4/19,DEERWHITETAILED,12/7/18,3:25:35,2019.01
17_24_BC,17_24_BC_000109.JPG,12/7/18 8:27,109,11/15/18,3/4/19,DEERWHITETAILED,12/7/18,3:27:28,2019.01
17_24_BC,17_24_BC_000112.JPG,12/7/18 9:49,109,11/15/18,3/4/19,DEERWHITETAILED,12/7/18,4:49:03,2019.01
17_24_BC,17_24_BC_000115.JPG,12/7/18 9:50,109,11/15/18,3/4/19,NOTHINGHERE,12/7/18,4:50:40,2019.01
17_24_BC,17_24_BC_000118.JPG,12/7/18 14:39,109,11/15/18,3/4/19,DEERWHITETAILED,12/7/18,9:39:00,2019.01
17_24_BC,17_24_BC_000121.JPG,12/8/18 1:55,109,11/15/18,3/4/19,DEERWHITETAILED,12/8/18,20:55:23,2019.01
17_24_BC,17_24_BC_000124.JPG,12/8/18 10:01,109,11/15/18,3/4/19,DEERWHITETAILED,12/8/18,5:01:11,2019.01
17_24_BC,17_24_BC_000127.JPG,12/9/18 12:46,109,11/15/18,3/4/19,DEERWHITETAILED,12/9/18,7:46:11,2019.01
17_24_BC,17_24_BC_000130.JPG,12/13/18 10:18,109,11/15/18,3/4/19,DEERWHITETAILED,12/13/18,5:18:18,2019.01
17_24_BC,17_24_BC_000133.JPG,12/13/18 10:20,109,11/15/18,3/4/19,DEERWHITETAILED,12/13/18,5:20:25,2019.01
17_24_BC,17_24_BC_000136.JPG,12/14/18 15:02,109,11/15/18,3/4/19,DEERWHITETAILED,12/14/18,10:02:04,2019.01
17_24_BC,17_24_BC_000139.JPG,12/16/18 7:46,109,11/15/18,3/4/19,DEERWHITETAILED,12/16/18,2:46:04,2019.01
17_24_BC,17_24_BC_000142.JPG,12/16/18 7:48,109,11/15/18,3/4/19,DEERWHITETAILED,12/16/18,2:48:04,2019.01
17_24_BC,17_24_BC_000145.JPG,12/16/18 7:50,109,11/15/18,3/4/19,DEERWHITETAILED,12/16/18,2:50:24,2019.01
17_24_BC,17_24_BC_000148.JPG,12/16/18 14:29,109,11/15/18,3/4/19,SQUIRRELGRAY,12/16/18,9:29:31,2019.01
17_24_BC,17_24_BC_000151.JPG,12/16/18 14:35,109,11/15/18,3/4/19,NOTHINGHERE,12/16/18,9:35:55,2019.01
17_24_BC,17_24_BC_000154.JPG,12/16/18 14:56,109,11/15/18,3/4/19,NOTHINGHERE,12/16/18,9:56:55,2019.01
17_24_BC,17_24_BC_000157.JPG,12/17/18 21:15,109,11/15/18,3/4/19,DEERWHITETAILED,12/17/18,16:15:37,2019.01
17_24_BC,17_24_BC_000160.JPG,12/22/18 9:22,109,11/15/18,3/4/19,SQUIRRELGRAY,12/22/18,4:22:41,2019.01
17_24_BC,17_24_BC_000163.JPG,12/22/18 9:28,109,11/15/18,3/4/19,SQUIRRELGRAY,12/22/18,4:28:14,2019.01
17_24_BC,17_24_BC_000166.JPG,12/23/18 9:47,109,11/15/18,3/4/19,NOTHINGHERE,12/23/18,4:47:11,2019.01
17_24_BC,17_24_BC_000169.JPG,12/23/18 9:49,109,11/15/18,3/4/19,DEERWHITETAILED,12/23/18,4:49:21,2019.01
17_24_BC,17_24_BC_000172.JPG,12/23/18 9:51,109,11/15/18,3/4/19,DEERWHITETAILED,12/23/18,4:51:35,2019.01
17_24_BC,17_24_BC_000175.JPG,12/25/18 8:32,109,11/15/18,3/4/19,DEERWHITETAILED,12/25/18,3:32:10,2019.01
17_24_BC,17_24_BC_000178.JPG,12/25/18 12:20,109,11/15/18,3/4/19,DEERWHITETAILED,12/25/18,7:20:31,2019.01
17_24_BC,17_24_BC_000181.JPG,12/25/18 23:23,109,11/15/18,3/4/19,DEERWHITETAILED,12/25/18,18:23:06,2019.01
17_24_BC,17_24_BC_000184.JPG,12/26/18 8:54,109,11/15/18,3/4/19,DEERWHITETAILED,12/26/18,3:54:31,2019.01
17_24_BC,17_24_BC_000187.JPG,12/29/18 10:10,109,11/15/18,3/4/19,DEERWHITETAILED,12/29/18,5:10:03,2019.01
17_24_BC,17_24_BC_000190.JPG,12/30/18 10:24,109,11/15/18,3/4/19,NOTHINGHERE,12/30/18,5:24:05,2019.01
17_24_BC,17_24_BC_000193.JPG,12/31/18 7:02,109,11/15/18,3/4/19,DEERWHITETAILED,12/31/18,2:02:19,2019.01
17_24_BC,17_24_BC_000196.JPG,12/31/18 7:05,109,11/15/18,3/4/19,NOTHINGHERE,12/31/18,2:05:14,2019.01
17_24_BC,17_24_BC_000199.JPG,1/1/19 8:06,109,11/15/18,3/4/19,SOMETHINGHERE,1/1/19,3:06:06,2019.01
17_24_BC,17_24_BC_000202.JPG,1/1/19 9:47,109,11/15/18,3/4/19,NOTHINGHERE,1/1/19,4:47:37,2019.01
17_24_BC,17_24_BC_000205.JPG,1/1/19 10:52,109,11/15/18,3/4/19,RACCOON,1/1/19,5:52:04,2019.01
17_24_BC,17_24_BC_000208.JPG,1/2/19 11:26,109,11/15/18,3/4/19,NOTHINGHERE,1/2/19,6:26:13,2019.01
17_24_BC,17_24_BC_000211.JPG,1/2/19 16:18,109,11/15/18,3/4/19,RACCOON,1/2/19,11:18:21,2019.01
17_24_BC,17_24_BC_000214.JPG,1/4/19 8:03,109,11/15/18,3/4/19,SQUIRRELGRAY,1/4/19,3:03:30,2019.01
17_24_BC,17_24_BC_000217.JPG,1/5/19 8:17,109,11/15/18,3/4/19,DEERWHITETAILED,1/5/19,3:17:01,2019.01
17_24_BC,17_24_BC_000220.JPG,1/5/19 9:21,109,11/15/18,3/4/19,DEERWHITETAILED,1/5/19,4:21:16,2019.01
17_24_BC,17_24_BC_000223.JPG,1/5/19 12:20,109,11/15/18,3/4/19,SQUIRRELGRAY,1/5/19,7:20:07,2019.01
17_24_BC,17_24_BC_000226.JPG,1/6/19 10:42,109,11/15/18,3/4/19,DEERWHITETAILED,1/6/19,5:42:14,2019.01
17_24_BC,17_24_BC_000229.JPG,1/6/19 10:43,109,11/15/18,3/4/19,NOTHINGHERE,1/6/19,5:43:51,2019.01
17_24_BC,17_24_BC_000232.JPG,1/6/19 21:19,109,11/15/18,3/4/19,DEERWHITETAILED,1/6/19,16:19:08,2019.01
17_24_BC,17_24_BC_000235.JPG,1/14/19 7:39,109,11/15/18,3/4/19,SOMETHINGHERE,1/14/19,2:39:06,2019.01
17_24_BC,17_24_BC_000238.JPG,1/15/19 20:42,109,11/15/18,3/4/19,DEERWHITETAILED,1/15/19,15:42:01,2019.01
17_24_BC,17_24_BC_000241.JPG,1/18/19 13:37,109,11/15/18,3/4/19,DEERWHITETAILED,1/18/19,8:37:33,2019.01
17_24_BC,17_24_BC_000244.JPG,1/27/19 22:30,109,11/15/18,3/4/19,DEERWHITETAILED,1/27/19,17:30:24,2019.01
17_24_BC,17_24_BC_000247.JPG,2/7/19 5:41,109,11/15/18,3/4/19,NOTHINGHERE,2/7/19,0:41:39,2019.01
17_24_BC,17_24_BC_000250.JPG,2/9/19 12:43,109,11/15/18,3/4/19,SQUIRRELGRAY,2/9/19,7:43:13,2019.01
17_24_BC,17_24_BC_000253.JPG,2/9/19 12:45,109,11/15/18,3/4/19,SQUIRRELGRAY,2/9/19,7:45:21,2019.01
17_24_BC,17_24_BC_000256.JPG,2/9/19 12:47,109,11/15/18,3/4/19,SQUIRRELGRAY,2/9/19,7:47:16,2019.01
17_24_BC,17_24_BC_000259.JPG,2/9/19 12:49,109,11/15/18,3/4/19,SQUIRRELGRAY,2/9/19,7:49:10,2019.01
17_24_BC,17_24_BC_000262.JPG,2/9/19 12:50,109,11/15/18,3/4/19,SQUIRRELGRAY,2/9/19,7:50:48,2019.01
17_24_BC,17_24_BC_000265.JPG,2/9/19 12:53,109,11/15/18,3/4/19,SQUIRRELGRAY,2/9/19,7:53:33,2019.01
17_24_BC,17_24_BC_000268.JPG,2/9/19 16:01,109,11/15/18,3/4/19,SQUIRRELRED,2/9/19,11:01:07,2019.01
17_24_BC,17_24_BC_000271.JPG,3/2/19 14:04,109,11/15/18,3/4/19,SQUIRRELGRAY,3/2/19,9:04:52,2019.01
18_16_WHIP,18_16_WHIP_000001.JPG,12/7/18 22:56,49,12/6/18,1/24/19,NOTHINGHERE,12/7/18,17:56:50,2019.01
18_16_WHIP,18_16_WHIP_000004.JPG,12/15/18 1:30,49,12/6/18,1/24/19,FISHER,12/15/18,20:30:22,2019.01
18_16_WHIP,18_16_WHIP_000007.JPG,12/15/18 18:39,49,12/6/18,1/24/19,RACCOON,12/15/18,13:39:26,2019.01
18_16_WHIP,18_16_WHIP_000010.JPG,12/15/18 20:15,49,12/6/18,1/24/19,RACCOON,12/15/18,15:15:36,2019.01
18_16_WHIP,18_16_WHIP_000013.JPG,12/15/18 20:17,49,12/6/18,1/24/19,RACCOON,12/15/18,15:17:40,2019.01
18_16_WHIP,18_16_WHIP_000016.JPG,12/21/18 0:44,49,12/6/18,1/24/19,DEERWHITETAILED,12/21/18,19:44:10,2019.01
18_16_WHIP,18_16_WHIP_000019.JPG,12/21/18 0:50,49,12/6/18,1/24/19,DEERWHITETAILED,12/21/18,19:50:10,2019.01
18_16_WHIP,18_16_WHIP_000022.JPG,12/23/18 15:57,49,12/6/18,1/24/19,DEERWHITETAILED,12/23/18,10:57:01,2019.01
18_16_WHIP,18_16_WHIP_000025.JPG,12/25/18 13:42,49,12/6/18,1/24/19,DEERWHITETAILED,12/25/18,8:42:11,2019.01
18_16_WHIP,18_16_WHIP_000028.JPG,12/26/18 16:41,49,12/6/18,1/24/19,DEERWHITETAILED,12/26/18,11:41:26,2019.01
18_16_WHIP,18_16_WHIP_000031.JPG,12/27/18 19:42,49,12/6/18,1/24/19,DEERWHITETAILED,12/27/18,14:42:43,2019.01
18_16_WHIP,18_16_WHIP_000034.JPG,12/27/18 19:45,49,12/6/18,1/24/19,DEERWHITETAILED,12/27/18,14:45:12,2019.01
18_16_WHIP,18_16_WHIP_000037.JPG,12/30/18 8:53,49,12/6/18,1/24/19,DEERWHITETAILED,12/30/18,3:53:31,2019.01
18_16_WHIP,18_16_WHIP_000040.JPG,12/31/18 1:16,49,12/6/18,1/24/19,FISHER,12/31/18,20:16:34,2019.01
18_16_WHIP,18_16_WHIP_000043.JPG,1/1/19 17:22,49,12/6/18,1/24/19,RACCOON,1/1/19,12:22:15,2019.01
18_16_WHIP,18_16_WHIP_000046.JPG,1/4/19 23:32,49,12/6/18,1/24/19,DEERWHITETAILED,1/4/19,18:32:35,2019.01
18_16_WHIP,18_16_WHIP_000049.JPG,1/4/19 23:35,49,12/6/18,1/24/19,DEERWHITETAILED,1/4/19,18:35:00,2019.01
18_16_WHIP,18_16_WHIP_000052.JPG,1/4/19 23:36,49,12/6/18,1/24/19,DEERWHITETAILED,1/4/19,18:36:37,2019.01
18_16_WHIP,18_16_WHIP_000055.JPG,1/7/19 12:21,49,12/6/18,1/24/19,COYOTE,1/7/19,7:21:03,2019.01
18_16_WHIP,18_16_WHIP_000058.JPG,1/9/19 19:15,49,12/6/18,1/24/19,DEERWHITETAILED,1/9/19,14:15:44,2019.01
18_16_WHIP,18_16_WHIP_000061.JPG,1/9/19 21:42,49,12/6/18,1/24/19,DEERWHITETAILED,1/9/19,16:42:50,2019.01
18_16_WHIP,18_16_WHIP_000064.JPG,1/24/19 14:30,49,12/6/18,1/24/19,NOTHINGHERE,1/24/19,9:30:44,2019.01
21_21_DON,21_21_DON__0027.JPG,1/11/19 12:29,94,11/26/18,2/28/19,NOTHINGHERE,1/11/19,7:29:51,2019.01
21_21_DON,21_21_DON_0001.JPG,11/26/18 14:10,94,11/26/18,2/28/19,HUMAN,11/26/18,9:10:10,2019.01
21_21_DON,21_21_DON_0003.JPG,11/29/18 19:02,94,11/26/18,2/28/19,FOXRED,11/29/18,14:02:54,2019.01
21_21_DON,21_21_DON_0006.JPG,12/4/18 5:30,94,11/26/18,2/28/19,NOTHINGHERE,12/4/18,0:30:48,2019.01
21_21_DON,21_21_DON_0009.JPG,12/20/18 0:44,94,11/26/18,2/28/19,SOMETHINGHERE,12/20/18,19:44:07,2019.01
21_21_DON,21_21_DON_0012.JPG,12/21/18 6:39,94,11/26/18,2/28/19,NOTHINGHERE,12/21/18,1:39:57,2019.01
21_21_DON,21_21_DON_0015.JPG,12/21/18 6:55,94,11/26/18,2/28/19,NOTHINGHERE,12/21/18,1:55:11,2019.01
21_21_DON,21_21_DON_0018.JPG,12/25/18 23:41,94,11/26/18,2/28/19,NOTHINGHERE,12/25/18,18:41:45,2019.01
21_21_DON,21_21_DON_0021.JPG,1/1/19 4:25,94,11/26/18,2/28/19,NOTHINGHERE,1/1/19,23:25:15,2019.01
21_21_DON,21_21_DON_0024.JPG,1/10/19 11:29,94,11/26/18,2/28/19,NOTHINGHERE,1/10/19,6:29:22,2019.01
21_21_DON,21_21_DON_0030.JPG,1/16/19 23:59,94,11/26/18,2/28/19,FOXRED,1/16/19,18:59:44,2019.01
21_21_DON,21_21_DON_0033.JPG,1/23/19 18:07,94,11/26/18,2/28/19,NOTHINGHERE,1/23/19,13:07:31,2019.01
21_21_DON,21_21_DON_0036.JPG,1/25/19 21:54,94,11/26/18,2/28/19,FOXRED,1/25/19,16:54:20,2019.01
21_21_DON,21_21_DON_0039.JPG,1/25/19 21:57,94,11/26/18,2/28/19,FOXRED,1/25/19,16:57:19,2019.01
21_21_DON,21_21_DON_0042.JPG,1/30/19 16:52,94,11/26/18,2/28/19,SQUIRRELGRAY,1/30/19,11:52:03,2019.01
21_21_DON,21_21_DON_0045.JPG,2/7/19 22:53,94,11/26/18,2/28/19,NOTHINGHERE,2/7/19,17:53:37,2019.01
21_21_DON,21_21_DON_0048.JPG,2/8/19 12:51,94,11/26/18,2/28/19,NOTHINGHERE,2/8/19,7:51:43,2019.01
21_21_DON,21_21_DON_0051.JPG,2/8/19 13:33,94,11/26/18,2/28/19,NOTHINGHERE,2/8/19,8:33:42,2019.01
21_21_DON,21_21_DON_0054.JPG,2/8/19 13:54,94,11/26/18,2/28/19,NOTHINGHERE,2/8/19,8:54:00,2019.01
21_21_DON,21_21_DON_0057.JPG,2/8/19 14:08,94,11/26/18,2/28/19,NOTHINGHERE,2/8/19,9:08:29,2019.01
21_21_DON,21_21_DON_0060.JPG,2/8/19 14:18,94,11/26/18,2/28/19,NOTHINGHERE,2/8/19,9:18:37,2019.01
21_21_DON,21_21_DON_0063.JPG,2/8/19 14:36,94,11/26/18,2/28/19,NOTHINGHERE,2/8/19,9:36:56,2019.01
21_21_DON,21_21_DON_0066.JPG,2/8/19 14:39,94,11/26/18,2/28/19,NOTHINGHERE,2/8/19,9:39:06,2019.01
21_21_DON,21_21_DON_0069.JPG,2/8/19 15:20,94,11/26/18,2/28/19,NOTHINGHERE,2/8/19,10:20:22,2019.01
21_21_DON,21_21_DON_0072.JPG,2/8/19 15:23,94,11/26/18,2/28/19,NOTHINGHERE,2/8/19,10:23:31,2019.01
21_21_DON,21_21_DON_0075.JPG,2/8/19 15:52,94,11/26/18,2/28/19,NOTHINGHERE,2/8/19,10:52:06,2019.01
21_21_DON,21_21_DON_0078.JPG,2/8/19 16:17,94,11/26/18,2/28/19,NOTHINGHERE,2/8/19,11:17:08,2019.01
21_21_DON,21_21_DON_0081.JPG,2/8/19 16:24,94,11/26/18,2/28/19,NOTHINGHERE,2/8/19,11:24:01,2019.01
21_21_DON,21_21_DON_0084.JPG,2/8/19 16:25,94,11/26/18,2/28/19,NOTHINGHERE,2/8/19,11:25:34,2019.01
21_21_DON,21_21_DON_0087.JPG,2/8/19 16:57,94,11/26/18,2/28/19,NOTHINGHERE,2/8/19,11:57:43,2019.01
21_21_DON,21_21_DON_0090.JPG,2/8/19 17:23,94,11/26/18,2/28/19,NOTHINGHERE,2/8/19,12:23:30,2019.01
21_21_DON,21_21_DON_0093.JPG,2/8/19 17:30,94,11/26/18,2/28/19,NOTHINGHERE,2/8/19,12:30:40,2019.01
21_21_DON,21_21_DON_0096.JPG,2/8/19 17:43,94,11/26/18,2/28/19,NOTHINGHERE,2/8/19,12:43:51,2019.01
21_21_DON,21_21_DON_0099.JPG,2/8/19 17:54,94,11/26/18,2/28/19,NOTHINGHERE,2/8/19,12:54:50,2019.01
21_21_DON,21_21_DON_0102.JPG,2/8/19 18:22,94,11/26/18,2/28/19,NOTHINGHERE,2/8/19,13:22:21,2019.01
21_21_DON,21_21_DON_0105.JPG,2/8/19 18:56,94,11/26/18,2/28/19,NOTHINGHERE,2/8/19,13:56:59,2019.01
21_21_DON,21_21_DON_0108.JPG,2/8/19 19:06,94,11/26/18,2/28/19,NOTHINGHERE,2/8/19,14:06:35,2019.01
21_21_DON,21_21_DON_0111.JPG,2/8/19 19:13,94,11/26/18,2/28/19,NOTHINGHERE,2/8/19,14:13:42,2019.01
21_21_DON,21_21_DON_0114.JPG,2/8/19 19:21,94,11/26/18,2/28/19,NOTHINGHERE,2/8/19,14:21:17,2019.01
21_21_DON,21_21_DON_0117.JPG,2/8/19 19:27,94,11/26/18,2/28/19,NOTHINGHERE,2/8/19,14:27:35,2019.01
21_21_DON,21_21_DON_0120.JPG,2/8/19 19:41,94,11/26/18,2/28/19,NOTHINGHERE,2/8/19,14:41:24,2019.01
21_21_DON,21_21_DON_0123.JPG,2/8/19 20:16,94,11/26/18,2/28/19,NOTHINGHERE,2/8/19,15:16:08,2019.01
21_21_DON,21_21_DON_0126.JPG,2/8/19 20:17,94,11/26/18,2/28/19,NOTHINGHERE,2/8/19,15:17:31,2019.01
21_21_DON,21_21_DON_0129.JPG,2/8/19 20:18,94,11/26/18,2/28/19,NOTHINGHERE,2/8/19,15:18:42,2019.01
21_21_DON,21_21_DON_0132.JPG,2/8/19 20:20,94,11/26/18,2/28/19,NOTHINGHERE,2/8/19,15:20:56,2019.01
21_21_DON,21_21_DON_0135.JPG,2/8/19 20:30,94,11/26/18,2/28/19,NOTHINGHERE,2/8/19,15:30:12,2019.01
21_21_DON,21_21_DON_0138.JPG,2/8/19 20:31,94,11/26/18,2/28/19,NOTHINGHERE,2/8/19,15:31:53,2019.01
21_21_DON,21_21_DON_0141.JPG,2/8/19 20:55,94,11/26/18,2/28/19,NOTHINGHERE,2/8/19,15:55:12,2019.01
21_21_DON,21_21_DON_0144.JPG,2/8/19 21:07,94,11/26/18,2/28/19,NOTHINGHERE,2/8/19,16:07:13,2019.01
21_21_DON,21_21_DON_0147.JPG,2/8/19 21:11,94,11/26/18,2/28/19,NOTHINGHERE,2/8/19,16:11:19,2019.01
21_21_DON,21_21_DON_0150.JPG,2/8/19 21:14,94,11/26/18,2/28/19,NOTHINGHERE,2/8/19,16:14:38,2019.01
21_21_DON,21_21_DON_0153.JPG,2/8/19 21:27,94,11/26/18,2/28/19,NOTHINGHERE,2/8/19,16:27:14,2019.01
21_21_DON,21_21_DON_0156.JPG,2/8/19 21:48,94,11/26/18,2/28/19,NOTHINGHERE,2/8/19,16:48:47,2019.01
21_21_DON,21_21_DON_0159.JPG,2/8/19 21:55,94,11/26/18,2/28/19,NOTHINGHERE,2/8/19,16:55:32,2019.01
21_21_DON,21_21_DON_0162.JPG,2/9/19 0:23,94,11/26/18,2/28/19,NOTHINGHERE,2/9/19,19:23:20,2019.01
21_21_DON,21_21_DON_0165.JPG,2/9/19 4:02,94,11/26/18,2/28/19,NOTHINGHERE,2/9/19,23:02:34,2019.01
21_21_DON,21_21_DON_0168.JPG,2/18/19 6:27,94,11/26/18,2/28/19,GROUSERUFFED,2/18/19,1:27:57,2019.01
21_21_DON,21_21_DON_0171.JPG,2/24/19 11:02,94,11/26/18,2/28/19,NOTHINGHERE,2/24/19,6:02:47,2019.01
21_21_DON,21_21_DON_0174.JPG,2/25/19 10:19,94,11/26/18,2/28/19,NOTHINGHERE,2/25/19,5:19:16,2019.01
21_21_DON,21_21_DON_0177.JPG,2/25/19 11:07,94,11/26/18,2/28/19,NOTHINGHERE,2/25/19,6:07:13,2019.01
21_21_DON,21_21_DON_0180.JPG,2/25/19 11:46,94,11/26/18,2/28/19,NOTHINGHERE,2/25/19,6:46:07,2019.01
22_18_WF,22_18_WF_0001.JPG,11/27/18 23:02,65,11/27/18,1/31/19,COYOTE,11/27/18,18:02:56,2019.01
22_18_WF,22_18_WF_0004.JPG,11/28/18 3:53,65,11/27/18,1/31/19,FISHER,11/28/18,22:53:12,2019.01
22_18_WF,22_18_WF_0007.JPG,11/28/18 3:55,65,11/27/18,1/31/19,SOMETHINGHERE,11/28/18,22:55:17,2019.01
22_18_WF,22_18_WF_0010.JPG,11/29/18 1:23,65,11/27/18,1/31/19,FISHER,11/29/18,20:23:51,2019.01
22_18_WF,22_18_WF_0013.JPG,11/29/18 1:29,65,11/27/18,1/31/19,FISHER,11/29/18,20:29:39,2019.01
22_18_WF,22_18_WF_0016.JPG,11/30/18 10:12,65,11/27/18,1/31/19,FISHER,11/30/18,5:12:41,2019.01
22_18_WF,22_18_WF_0019.JPG,11/30/18 11:43,65,11/27/18,1/31/19,FISHER,11/30/18,6:43:36,2019.01
22_18_WF,22_18_WF_0022.JPG,11/30/18 16:17,65,11/27/18,1/31/19,DEERWHITETAILED,11/30/18,11:17:57,2019.01
22_18_WF,22_18_WF_0025.JPG,11/30/18 16:19,65,11/27/18,1/31/19,DEERWHITETAILED,11/30/18,11:19:09,2019.01
22_18_WF,22_18_WF_0028.JPG,11/30/18 16:20,65,11/27/18,1/31/19,DEERWHITETAILED,11/30/18,11:20:14,2019.01
22_18_WF,22_18_WF_0031.JPG,12/1/18 6:17,65,11/27/18,1/31/19,DEERWHITETAILED,12/1/18,1:17:58,2019.01
22_18_WF,22_18_WF_0037.JPG,12/2/18 0:00,65,11/27/18,1/31/19,FISHER,12/2/18,19:00:04,2019.01
22_18_WF,22_18_WF_0040.JPG,12/3/18 7:09,65,11/27/18,1/31/19,DEERWHITETAILED,12/3/18,2:09:44,2019.01
22_18_WF,22_18_WF_0043.JPG,12/3/18 7:19,65,11/27/18,1/31/19,DEERWHITETAILED,12/3/18,2:19:51,2019.01
22_18_WF,22_18_WF_0046.JPG,12/4/18 7:32,65,11/27/18,1/31/19,DEERWHITETAILED,12/4/18,2:32:21,2019.01
22_18_WF,22_18_WF_0049.JPG,12/4/18 8:19,65,11/27/18,1/31/19,DEERWHITETAILED,12/4/18,3:19:52,2019.01
22_18_WF,22_18_WF_0052.JPG,12/5/18 6:58,65,11/27/18,1/31/19,FISHER,12/5/18,1:58:31,2019.01
22_18_WF,22_18_WF_0055.JPG,12/7/18 8:40,65,11/27/18,1/31/19,DEERWHITETAILED,12/7/18,3:40:14,2019.01
22_18_WF,22_18_WF_0058.JPG,12/7/18 8:41,65,11/27/18,1/31/19,DEERWHITETAILED,12/7/18,3:41:52,2019.01
22_18_WF,22_18_WF_0061.JPG,12/8/18 14:24,65,11/27/18,1/31/19,DEERWHITETAILED,12/8/18,9:24:57,2019.01
22_18_WF,22_18_WF_0064.JPG,12/11/18 18:53,65,11/27/18,1/31/19,COYOTE,12/11/18,13:53:31,2019.01
22_18_WF,22_18_WF_0067.JPG,12/13/18 18:44,65,11/27/18,1/31/19,DEERWHITETAILED,12/13/18,13:44:01,2019.01
22_18_WF,22_18_WF_0070.JPG,12/13/18 18:46,65,11/27/18,1/31/19,DEERWHITETAILED,12/13/18,13:46:36,2019.01
22_18_WF,22_18_WF_0073.JPG,12/15/18 17:39,65,11/27/18,1/31/19,FISHER,12/15/18,12:39:44,2019.01
22_18_WF,22_18_WF_0076.JPG,12/16/18 5:26,65,11/27/18,1/31/19,SOMETHINGHERE,12/16/18,0:26:52,2019.01
22_18_WF,22_18_WF_0079.JPG,12/17/18 8:54,65,11/27/18,1/31/19,DEERWHITETAILED,12/17/18,3:54:54,2019.01
22_18_WF,22_18_WF_0082.JPG,12/17/18 13:35,65,11/27/18,1/31/19,FOXRED,12/17/18,8:35:48,2019.01
22_18_WF,22_18_WF_0085.JPG,12/18/18 18:55,65,11/27/18,1/31/19,COYOTE,12/18/18,13:55:15,2019.01
22_18_WF,22_18_WF_0088.JPG,12/18/18 21:30,65,11/27/18,1/31/19,DEERWHITETAILED,12/18/18,16:30:45,2019.01
22_18_WF,22_18_WF_0091.JPG,12/20/18 8:43,65,11/27/18,1/31/19,DEERWHITETAILED,12/20/18,3:43:20,2019.01
22_18_WF,22_18_WF_0094.JPG,12/21/18 9:30,65,11/27/18,1/31/19,DEERWHITETAILED,12/21/18,4:30:57,2019.01
22_18_WF,22_18_WF_0097.JPG,12/21/18 9:53,65,11/27/18,1/31/19,DEERWHITETAILED,12/21/18,4:53:46,2019.01
22_18_WF,22_18_WF_0100.JPG,12/21/18 9:54,65,11/27/18,1/31/19,DEERWHITETAILED,12/21/18,4:54:56,2019.01
22_18_WF,22_18_WF_0103.JPG,12/21/18 10:00,65,11/27/18,1/31/19,DEERWHITETAILED,12/21/18,5:00:51,2019.01
22_18_WF,22_18_WF_0106.JPG,12/21/18 21:08,65,11/27/18,1/31/19,NOTHINGHERE,12/21/18,16:08:07,2019.01
22_18_WF,22_18_WF_0109.JPG,12/22/18 2:33,65,11/27/18,1/31/19,DEERWHITETAILED,12/22/18,21:33:18,2019.01
22_18_WF,22_18_WF_0112.JPG,12/24/18 2:32,65,11/27/18,1/31/19,FISHER,12/24/18,21:32:01,2019.01
22_18_WF,22_18_WF_0115.JPG,12/24/18 4:57,65,11/27/18,1/31/19,FISHER,12/24/18,23:57:50,2019.01
22_18_WF,22_18_WF_0118.JPG,12/25/18 12:23,65,11/27/18,1/31/19,DEERWHITETAILED,12/25/18,7:23:11,2019.01
22_18_WF,22_18_WF_0121.JPG,12/25/18 15:38,65,11/27/18,1/31/19,DEERWHITETAILED,12/25/18,10:38:35,2019.01
22_18_WF,22_18_WF_0124.JPG,12/26/18 8:29,65,11/27/18,1/31/19,COYOTE,12/26/18,3:29:30,2019.01
22_18_WF,22_18_WF_0127.JPG,12/27/18 3:46,65,11/27/18,1/31/19,DEERWHITETAILED,12/27/18,22:46:27,2019.01
22_18_WF,22_18_WF_0130.JPG,12/29/18 20:07,65,11/27/18,1/31/19,DEERWHITETAILED,12/29/18,15:07:20,2019.01
22_18_WF,22_18_WF_0133.JPG,12/31/18 9:59,65,11/27/18,1/31/19,NOTHINGHERE,12/31/18,4:59:50,2019.01
22_18_WF,22_18_WF_0136.JPG,12/31/18 16:43,65,11/27/18,1/31/19,DEERWHITETAILED,12/31/18,11:43:02,2019.01
22_18_WF,22_18_WF_0139.JPG,12/31/18 16:44,65,11/27/18,1/31/19,DEERWHITETAILED,12/31/18,11:44:07,2019.01
22_18_WF,22_18_WF_0142.JPG,12/31/18 16:45,65,11/27/18,1/31/19,NOTHINGHERE,12/31/18,11:45:15,2019.01
22_18_WF,22_18_WF_0145.JPG,1/1/19 7:56,65,11/27/18,1/31/19,DEERWHITETAILED,1/1/19,2:56:46,2019.01
22_18_WF,22_18_WF_0148.JPG,1/1/19 17:23,65,11/27/18,1/31/19,DEERWHITETAILED,1/1/19,12:23:20,2019.01
22_18_WF,22_18_WF_0151.JPG,1/3/19 1:05,65,11/27/18,1/31/19,DEERWHITETAILED,1/3/19,20:05:07,2019.01
22_18_WF,22_18_WF_0154.JPG,1/4/19 13:15,65,11/27/18,1/31/19,DEERWHITETAILED,1/4/19,8:15:25,2019.01
22_18_WF,22_18_WF_0157.JPG,1/5/19 12:22,65,11/27/18,1/31/19,DEERWHITETAILED,1/5/19,7:22:50,2019.01
22_18_WF,22_18_WF_0160.JPG,1/5/19 12:31,65,11/27/18,1/31/19,DEERWHITETAILED,1/5/19,7:31:50,2019.01
22_18_WF,22_18_WF_0163.JPG,1/7/19 8:49,65,11/27/18,1/31/19,DEERWHITETAILED,1/7/19,3:49:58,2019.01
22_18_WF,22_18_WF_0166.JPG,1/7/19 8:51,65,11/27/18,1/31/19,DEERWHITETAILED,1/7/19,3:51:10,2019.01
22_18_WF,22_18_WF_0169.JPG,1/7/19 8:52,65,11/27/18,1/31/19,DEERWHITETAILED,1/7/19,3:52:15,2019.01
22_18_WF,22_18_WF_0172.JPG,1/7/19 10:08,65,11/27/18,1/31/19,DEERWHITETAILED,1/7/19,5:08:17,2019.01
22_18_WF,22_18_WF_0178.JPG,1/7/19 10:10,65,11/27/18,1/31/19,DEERWHITETAILED,1/7/19,5:10:29,2019.01
22_18_WF,22_18_WF_0181.JPG,1/7/19 11:47,65,11/27/18,1/31/19,DEERWHITETAILED,1/7/19,6:47:02,2019.01
22_18_WF,22_18_WF_0184.JPG,1/8/19 8:28,65,11/27/18,1/31/19,DEERWHITETAILED,1/8/19,3:28:44,2019.01
22_18_WF,22_18_WF_0187.JPG,1/8/19 13:16,65,11/27/18,1/31/19,DEERWHITETAILED,1/8/19,8:16:45,2019.01
22_18_WF,22_18_WF_0190.JPG,1/8/19 13:17,65,11/27/18,1/31/19,DEERWHITETAILED,1/8/19,8:17:51,2019.01
22_18_WF,22_18_WF_0193.JPG,1/8/19 13:18,65,11/27/18,1/31/19,DEERWHITETAILED,1/8/19,8:18:55,2019.01
22_18_WF,22_18_WF_0196.JPG,1/8/19 19:31,65,11/27/18,1/31/19,NOTHINGHERE,1/8/19,14:31:48,2019.01
22_18_WF,22_18_WF_0199.JPG,1/9/19 7:54,65,11/27/18,1/31/19,DEERWHITETAILED,1/9/19,2:54:24,2019.01
22_18_WF,22_18_WF_0202.JPG,1/11/19 8:57,65,11/27/18,1/31/19,DEERWHITETAILED,1/11/19,3:57:55,2019.01
22_18_WF,22_18_WF_0205.JPG,1/11/19 9:00,65,11/27/18,1/31/19,DEERWHITETAILED,1/11/19,4:00:18,2019.01
22_18_WF,22_18_WF_0208.JPG,1/11/19 15:42,65,11/27/18,1/31/19,DEERWHITETAILED,1/11/19,10:42:14,2019.01
22_18_WF,22_18_WF_0211.JPG,1/12/19 9:35,65,11/27/18,1/31/19,DEERWHITETAILED,1/12/19,4:35:47,2019.01
22_18_WF,22_18_WF_0214.JPG,1/12/19 9:38,65,11/27/18,1/31/19,DEERWHITETAILED,1/12/19,4:38:42,2019.01
22_18_WF,22_18_WF_0217.JPG,1/12/19 9:39,65,11/27/18,1/31/19,DEERWHITETAILED,1/12/19,4:39:57,2019.01
22_18_WF,22_18_WF_0220.JPG,1/12/19 9:41,65,11/27/18,1/31/19,DEERWHITETAILED,1/12/19,4:41:41,2019.01
22_18_WF,22_18_WF_0223.JPG,1/12/19 12:16,65,11/27/18,1/31/19,DEERWHITETAILED,1/12/19,7:16:43,2019.01
22_18_WF,22_18_WF_0226.JPG,1/12/19 15:46,65,11/27/18,1/31/19,DEERWHITETAILED,1/12/19,10:46:25,2019.01
22_18_WF,22_18_WF_0229.JPG,1/12/19 15:47,65,11/27/18,1/31/19,DEERWHITETAILED,1/12/19,10:47:52,2019.01
22_18_WF,22_18_WF_0232.JPG,1/12/19 15:48,65,11/27/18,1/31/19,DEERWHITETAILED,1/12/19,10:48:58,2019.01
22_18_WF,22_18_WF_0235.JPG,1/13/19 16:14,65,11/27/18,1/31/19,DEERWHITETAILED,1/13/19,11:14:00,2019.01
22_18_WF,22_18_WF_0238.JPG,1/13/19 16:49,65,11/27/18,1/31/19,DEERWHITETAILED,1/13/19,11:49:30,2019.01
22_18_WF,22_18_WF_0241.JPG,1/14/19 10:16,65,11/27/18,1/31/19,DEERWHITETAILED,1/14/19,5:16:13,2019.01
22_18_WF,22_18_WF_0244.JPG,1/14/19 10:17,65,11/27/18,1/31/19,DEERWHITETAILED,1/14/19,5:17:24,2019.01
22_18_WF,22_18_WF_0247.JPG,1/15/19 16:38,65,11/27/18,1/31/19,DEERWHITETAILED,1/15/19,11:38:57,2019.01
22_18_WF,22_18_WF_0250.JPG,1/16/19 7:18,65,11/27/18,1/31/19,NOTHINGHERE,1/16/19,2:18:43,2019.01
22_18_WF,22_18_WF_0253.JPG,1/16/19 7:31,65,11/27/18,1/31/19,DEERWHITETAILED,1/16/19,2:31:23,2019.01
22_18_WF,22_18_WF_0256.JPG,1/16/19 12:00,65,11/27/18,1/31/19,DEERWHITETAILED,1/16/19,7:00:22,2019.01
22_18_WF,22_18_WF_0259.JPG,1/16/19 16:46,65,11/27/18,1/31/19,DEERWHITETAILED,1/16/19,11:46:50,2019.01
22_18_WF,22_18_WF_0262.JPG,1/16/19 16:48,65,11/27/18,1/31/19,DEERWHITETAILED,1/16/19,11:48:22,2019.01
22_18_WF,22_18_WF_0265.JPG,1/16/19 16:59,65,11/27/18,1/31/19,DEERWHITETAILED,1/16/19,11:59:45,2019.01
22_18_WF,22_18_WF_0268.JPG,1/17/19 2:04,65,11/27/18,1/31/19,NOTHINGHERE,1/17/19,21:04:22,2019.01
22_18_WF,22_18_WF_0271.JPG,1/18/19 14:32,65,11/27/18,1/31/19,DEERWHITETAILED,1/18/19,9:32:47,2019.01
22_18_WF,22_18_WF_0274.JPG,1/18/19 14:33,65,11/27/18,1/31/19,DEERWHITETAILED,1/18/19,9:33:52,2019.01
22_18_WF,22_18_WF_0277.JPG,1/19/19 14:29,65,11/27/18,1/31/19,DEERWHITETAILED,1/19/19,9:29:54,2019.01
22_18_WF,22_18_WF_0280.JPG,1/20/19 1:21,65,11/27/18,1/31/19,NOTHINGHERE,1/20/19,20:21:09,2019.01
22_18_WF,22_18_WF_0283.JPG,1/20/19 18:28,65,11/27/18,1/31/19,NOTHINGHERE,1/20/19,13:28:37,2019.01
22_18_WF,22_18_WF_0286.JPG,1/20/19 19:46,65,11/27/18,1/31/19,NOTHINGHERE,1/20/19,14:46:40,2019.01
22_18_WF,22_18_WF_0289.JPG,1/21/19 17:23,65,11/27/18,1/31/19,DEERWHITETAILED,1/21/19,12:23:35,2019.01
22_18_WF,22_18_WF_0292.JPG,1/23/19 7:01,65,11/27/18,1/31/19,DEERWHITETAILED,1/23/19,2:01:47,2019.01
22_18_WF,22_18_WF_0295.JPG,1/25/19 6:45,65,11/27/18,1/31/19,DEERWHITETAILED,1/25/19,1:45:49,2019.01
22_18_WF,22_18_WF_0298.JPG,1/25/19 6:46,65,11/27/18,1/31/19,SOMETHINGHERE,1/25/19,1:46:55,2019.01
22_18_WF,22_18_WF_0301.JPG,1/25/19 6:48,65,11/27/18,1/31/19,DEERWHITETAILED,1/25/19,1:48:01,2019.01
22_18_WF,22_18_WF_0304.JPG,1/25/19 6:49,65,11/27/18,1/31/19,DEERWHITETAILED,1/25/19,1:49:07,2019.01
22_18_WF,22_18_WF_0307.JPG,1/25/19 9:58,65,11/27/18,1/31/19,DEERWHITETAILED,1/25/19,4:58:54,2019.01
22_18_WF,22_18_WF_0310.JPG,1/25/19 10:00,65,11/27/18,1/31/19,DEERWHITETAILED,1/25/19,5:00:00,2019.01
22_18_WF,22_18_WF_0313.JPG,1/26/19 9:22,65,11/27/18,1/31/19,DEERWHITETAILED,1/26/19,4:22:57,2019.01
22_18_WF,22_18_WF_0316.JPG,1/26/19 9:24,65,11/27/18,1/31/19,DEERWHITETAILED,1/26/19,4:24:32,2019.01
22_18_WF,22_18_WF_0319.JPG,1/26/19 9:26,65,11/27/18,1/31/19,DEERWHITETAILED,1/26/19,4:26:42,2019.01
22_18_WF,22_18_WF_0325.JPG,1/26/19 11:38,65,11/27/18,1/31/19,DEERWHITETAILED,1/26/19,6:38:10,2019.01
22_18_WF,22_18_WF_0328.JPG,1/26/19 15:15,65,11/27/18,1/31/19,DEERWHITETAILED,1/26/19,10:15:47,2019.01
22_18_WF,22_18_WF_0331.JPG,1/26/19 15:23,65,11/27/18,1/31/19,DEERWHITETAILED,1/26/19,10:23:13,2019.01
22_18_WF,22_18_WF_0334.JPG,1/26/19 15:45,65,11/27/18,1/31/19,DEERWHITETAILED,1/26/19,10:45:09,2019.01
22_18_WF,22_18_WF_0337.JPG,1/26/19 16:04,65,11/27/18,1/31/19,DEERWHITETAILED,1/26/19,11:04:07,2019.01
22_18_WF,22_18_WF_0340.JPG,1/26/19 16:05,65,11/27/18,1/31/19,DEERWHITETAILED,1/26/19,11:05:40,2019.01
22_18_WF,22_18_WF_0343.JPG,1/26/19 16:23,65,11/27/18,1/31/19,DEERWHITETAILED,1/26/19,11:23:33,2019.01
22_18_WF,22_18_WF_0346.JPG,1/27/19 7:29,65,11/27/18,1/31/19,DEERWHITETAILED,1/27/19,2:29:46,2019.01
22_18_WF,22_18_WF_0349.JPG,1/27/19 7:33,65,11/27/18,1/31/19,DEERWHITETAILED,1/27/19,2:33:10,2019.01
22_18_WF,22_18_WF_0352.JPG,1/27/19 7:49,65,11/27/18,1/31/19,DEERWHITETAILED,1/27/19,2:49:28,2019.01
22_18_WF,22_18_WF_0355.JPG,1/27/19 17:40,65,11/27/18,1/31/19,DEERWHITETAILED,1/27/19,12:40:02,2019.01
22_18_WF,22_18_WF_0358.JPG,1/28/19 11:41,65,11/27/18,1/31/19,DEERWHITETAILED,1/28/19,6:41:15,2019.01
22_18_WF,22_18_WF_0361.JPG,1/28/19 11:42,65,11/27/18,1/31/19,DEERWHITETAILED,1/28/19,6:42:55,2019.01
22_18_WF,22_18_WF_0364.JPG,1/28/19 14:10,65,11/27/18,1/31/19,DEERWHITETAILED,1/28/19,9:10:33,2019.01
22_18_WF,22_18_WF_0367.JPG,1/28/19 14:57,65,11/27/18,1/31/19,DEERWHITETAILED,1/28/19,9:57:45,2019.01
22_18_WF,22_18_WF_0370.JPG,1/28/19 15:00,65,11/27/18,1/31/19,DEERWHITETAILED,1/28/19,10:00:34,2019.01
22_18_WF,22_18_WF_0373.JPG,1/28/19 15:03,65,11/27/18,1/31/19,HUMAN,1/28/19,10:03:33,2019.01
23_03_SH,23_03_SH_0001.JPG,11/17/18 8:12,89,11/14/18,2/11/19,DEERWHITETAILED,11/17/18,3:12:51,2019.01
23_03_SH,23_03_SH_0004.JPG,11/17/18 14:48,89,11/14/18,2/11/19,DEERWHITETAILED,11/17/18,9:48:23,2019.01
23_03_SH,23_03_SH_0007.JPG,11/20/18 10:16,89,11/14/18,2/11/19,SQUIRRELGRAY,11/20/18,5:16:25,2019.01
23_03_SH,23_03_SH_0010.JPG,11/20/18 10:18,89,11/14/18,2/11/19,SQUIRRELGRAY,11/20/18,5:18:26,2019.01
23_03_SH,23_03_SH_0013.JPG,11/21/18 12:53,89,11/14/18,2/11/19,NOTHINGHERE,11/21/18,7:53:35,2019.01
23_03_SH,23_03_SH_0016.JPG,11/21/18 18:22,89,11/14/18,2/11/19,DEERWHITETAILED,11/21/18,13:22:51,2019.01
23_03_SH,23_03_SH_0019.JPG,11/27/18 14:01,89,11/14/18,2/11/19,SQUIRRELGRAY,11/27/18,9:01:00,2019.01
23_03_SH,23_03_SH_0022.JPG,12/1/18 10:37,89,11/14/18,2/11/19,DEERWHITETAILED,12/1/18,5:37:12,2019.01
23_03_SH,23_03_SH_0025.JPG,12/3/18 0:53,89,11/14/18,2/11/19,DEERWHITETAILED,12/3/18,19:53:35,2019.01
23_03_SH,23_03_SH_0028.JPG,12/4/18 13:33,89,11/14/18,2/11/19,SQUIRRELGRAY,12/4/18,8:33:01,2019.01
23_03_SH,23_03_SH_0031.JPG,12/7/18 18:56,89,11/14/18,2/11/19,FOXRED,12/7/18,13:56:37,2019.01
23_03_SH,23_03_SH_0034.JPG,12/10/18 2:05,89,11/14/18,2/11/19,NOTHINGHERE,12/10/18,21:05:47,2019.01
23_03_SH,23_03_SH_0037.JPG,12/15/18 17:15,89,11/14/18,2/11/19,RACCOON,12/15/18,12:15:37,2019.01
23_03_SH,23_03_SH_0040.JPG,12/16/18 8:45,89,11/14/18,2/11/19,COYOTE,12/16/18,3:45:40,2019.01
23_03_SH,23_03_SH_0043.JPG,12/16/18 13:00,89,11/14/18,2/11/19,DEERWHITETAILED,12/16/18,8:00:59,2019.01
23_03_SH,23_03_SH_0046.JPG,12/16/18 13:02,89,11/14/18,2/11/19,DEERWHITETAILED,12/16/18,8:02:18,2019.01
23_03_SH,23_03_SH_0049.JPG,12/16/18 13:06,89,11/14/18,2/11/19,DEERWHITETAILED,12/16/18,8:06:40,2019.01
23_03_SH,23_03_SH_0052.JPG,12/16/18 13:18,89,11/14/18,2/11/19,DEERWHITETAILED,12/16/18,8:18:46,2019.01
23_03_SH,23_03_SH_0055.JPG,12/17/18 7:49,89,11/14/18,2/11/19,SOMETHINGHERE,12/17/18,2:49:45,2019.01
23_03_SH,23_03_SH_0058.JPG,12/18/18 15:21,89,11/14/18,2/11/19,OTHERBIRD,12/18/18,10:21:41,2019.01
23_03_SH,23_03_SH_0061.JPG,12/24/18 13:53,89,11/14/18,2/11/19,DEERWHITETAILED,12/24/18,8:53:07,2019.01
23_03_SH,23_03_SH_0064.JPG,12/24/18 13:54,89,11/14/18,2/11/19,DEERWHITETAILED,12/24/18,8:54:50,2019.01
23_03_SH,23_03_SH_0067.JPG,12/25/18 11:40,89,11/14/18,2/11/19,DEERWHITETAILED,12/25/18,6:40:10,2019.01
23_03_SH,23_03_SH_0070.JPG,12/25/18 11:41,89,11/14/18,2/11/19,DEERWHITETAILED,12/25/18,6:41:56,2019.01
23_03_SH,23_03_SH_0073.JPG,12/27/18 17:49,89,11/14/18,2/11/19,NOTHINGHERE,12/27/18,12:49:29,2019.01
23_03_SH,23_03_SH_0076.JPG,12/29/18 9:38,89,11/14/18,2/11/19,NOTHINGHERE,12/29/18,4:38:22,2019.01
23_03_SH,23_03_SH_0079.JPG,12/30/18 1:45,89,11/14/18,2/11/19,DEERWHITETAILED,12/30/18,20:45:24,2019.01
23_03_SH,23_03_SH_0082.JPG,12/31/18 19:31,89,11/14/18,2/11/19,OTHERSMALLMAMMAL,12/31/18,14:31:34,2019.01
23_03_SH,23_03_SH_0085.JPG,1/3/19 5:42,89,11/14/18,2/11/19,NOTHINGHERE,1/3/19,0:42:22,2019.01
23_03_SH,23_03_SH_0088.JPG,1/7/19 17:16,89,11/14/18,2/11/19,DEERWHITETAILED,1/7/19,12:16:43,2019.01
23_03_SH,23_03_SH_0091.JPG,1/7/19 17:20,89,11/14/18,2/11/19,DEERWHITETAILED,1/7/19,12:20:26,2019.01
23_03_SH,23_03_SH_0094.JPG,1/8/19 7:57,89,11/14/18,2/11/19,SQUIRRELGRAY,1/8/19,2:57:40,2019.01
23_03_SH,23_03_SH_0097.JPG,1/12/19 15:30,89,11/14/18,2/11/19,DEERWHITETAILED,1/12/19,10:30:39,2019.01
23_03_SH,23_03_SH_0100.JPG,1/19/19 7:06,89,11/14/18,2/11/19,NOTHINGHERE,1/19/19,2:06:13,2019.01
23_03_SH,23_03_SH_0103.JPG,1/21/19 5:09,89,11/14/18,2/11/19,NOTHINGHERE,1/21/19,0:09:53,2019.01
23_03_SH,23_03_SH_0106.JPG,1/21/19 10:07,89,11/14/18,2/11/19,NOTHINGHERE,1/21/19,5:07:59,2019.01
23_03_SH,23_03_SH_0109.JPG,1/22/19 5:33,89,11/14/18,2/11/19,NOTHINGHERE,1/22/19,0:33:35,2019.01
23_03_SH,23_03_SH_0112.JPG,2/9/19 8:23,89,11/14/18,2/11/19,DEERWHITETAILED,2/9/19,3:23:09,2019.01
23_03_SH,23_03_SH_0115.JPG,2/9/19 8:24,89,11/14/18,2/11/19,DEERWHITETAILED,2/9/19,3:24:21,2019.01
23_03_SH,23_03_SH_0118.JPG,2/9/19 8:25,89,11/14/18,2/11/19,DEERWHITETAILED,2/9/19,3:25:46,2019.01
24_04_BC,24_04_BC_0001.JPG,11/15/18 12:33,109,11/15/18,3/4/19,HUMAN,11/15/18,7:33:22,2019.01
24_04_BC,24_04_BC_0004.JPG,11/15/18 12:34,109,11/15/18,3/4/19,HUMAN,11/15/18,7:34:27,2019.01
24_04_BC,24_04_BC_0007.JPG,11/15/18 12:35,109,11/15/18,3/4/19,HUMAN,11/15/18,7:35:36,2019.01
24_04_BC,24_04_BC_0010.JPG,11/15/18 12:36,109,11/15/18,3/4/19,HUMAN,11/15/18,7:36:41,2019.01
24_04_BC,24_04_BC_0013.JPG,11/15/18 12:37,109,11/15/18,3/4/19,HUMAN,11/15/18,7:37:46,2019.01
24_04_BC,24_04_BC_0016.JPG,11/15/18 12:38,109,11/15/18,3/4/19,HUMAN,11/15/18,7:38:51,2019.01
24_04_BC,24_04_BC_0019.JPG,11/15/18 12:39,109,11/15/18,3/4/19,HUMAN,11/15/18,7:39:56,2019.01
24_04_BC,24_04_BC_0022.JPG,11/15/18 12:41,109,11/15/18,3/4/19,HUMAN,11/15/18,7:41:01,2019.01
24_04_BC,24_04_BC_0025.JPG,11/15/18 12:42,109,11/15/18,3/4/19,HUMAN,11/15/18,7:42:08,2019.01
24_04_BC,24_04_BC_0028.JPG,11/15/18 12:43,109,11/15/18,3/4/19,HUMAN,11/15/18,7:43:14,2019.01
24_04_BC,24_04_BC_0031.JPG,11/15/18 12:44,109,11/15/18,3/4/19,HUMAN,11/15/18,7:44:20,2019.01
24_04_BC,24_04_BC_0034.JPG,11/16/18 18:58,109,11/15/18,3/4/19,DEERWHITETAILED,11/16/18,13:58:16,2019.01
24_04_BC,24_04_BC_0037.JPG,11/18/18 4:05,109,11/15/18,3/4/19,DEERWHITETAILED,11/18/18,23:05:15,2019.01
24_04_BC,24_04_BC_0040.JPG,11/20/18 11:28,109,11/15/18,3/4/19,SQUIRRELGRAY,11/20/18,6:28:40,2019.01
24_04_BC,24_04_BC_0043.JPG,11/20/18 11:41,109,11/15/18,3/4/19,DEERWHITETAILED,11/20/18,6:41:14,2019.01
24_04_BC,24_04_BC_0046.JPG,11/26/18 18:06,109,11/15/18,3/4/19,DEERWHITETAILED,11/26/18,13:06:38,2019.01
24_04_BC,24_04_BC_0049.JPG,11/26/18 23:42,109,11/15/18,3/4/19,DEERWHITETAILED,11/26/18,18:42:30,2019.01
24_04_BC,24_04_BC_0052.JPG,11/26/18 23:48,109,11/15/18,3/4/19,DEERWHITETAILED,11/26/18,18:48:10,2019.01
24_04_BC,24_04_BC_0055.JPG,11/27/18 6:20,109,11/15/18,3/4/19,DEERWHITETAILED,11/27/18,1:20:24,2019.01
24_04_BC,24_04_BC_0058.JPG,11/27/18 7:16,109,11/15/18,3/4/19,DEERWHITETAILED,11/27/18,2:16:35,2019.01
24_04_BC,24_04_BC_0061.JPG,11/27/18 7:19,109,11/15/18,3/4/19,DEERWHITETAILED,11/27/18,2:19:13,2019.01
24_04_BC,24_04_BC_0064.JPG,11/29/18 12:35,109,11/15/18,3/4/19,SQUIRRELGRAY,11/29/18,7:35:16,2019.01
24_04_BC,24_04_BC_0067.JPG,12/1/18 14:31,109,11/15/18,3/4/19,SQUIRRELGRAY,12/1/18,9:31:44,2019.01
24_04_BC,24_04_BC_0070.JPG,12/1/18 17:39,109,11/15/18,3/4/19,DEERWHITETAILED,12/1/18,12:39:34,2019.01
24_04_BC,24_04_BC_0073.JPG,12/3/18 16:48,109,11/15/18,3/4/19,DEERWHITETAILED,12/3/18,11:48:48,2019.01
24_04_BC,24_04_BC_0076.JPG,12/4/18 2:31,109,11/15/18,3/4/19,DEERWHITETAILED,12/4/18,21:31:19,2019.01
24_04_BC,24_04_BC_0079.JPG,12/4/18 3:03,109,11/15/18,3/4/19,DEERWHITETAILED,12/4/18,22:03:19,2019.01
24_04_BC,24_04_BC_0082.JPG,12/5/18 1:24,109,11/15/18,3/4/19,DEERWHITETAILED,12/5/18,20:24:34,2019.01
24_04_BC,24_04_BC_0085.JPG,12/5/18 1:26,109,11/15/18,3/4/19,DEERWHITETAILED,12/5/18,20:26:40,2019.01
24_04_BC,24_04_BC_0088.JPG,12/5/18 7:21,109,11/15/18,3/4/19,DEERWHITETAILED,12/5/18,2:21:35,2019.01
25_09_SH,25_09_SH_0001.JPG,11/13/18 15:52,90,11/13/18,2/11/19,HUMAN,11/13/18,10:52:00,2019.01
25_09_SH,25_09_SH_0004.JPG,11/13/18 15:53,90,11/13/18,2/11/19,DOMESTICDOG,11/13/18,10:53:46,2019.01
25_09_SH,25_09_SH_0007.JPG,11/13/18 15:54,90,11/13/18,2/11/19,DOMESTICDOG,11/13/18,10:54:51,2019.01
25_09_SH,25_09_SH_0012.JPG,11/13/18 15:57,90,11/13/18,2/11/19,DOMESTICDOG,11/13/18,10:57:48,2019.01
25_09_SH,25_09_SH_0015.JPG,11/14/18 22:06,90,11/13/18,2/11/19,OTHERSMALLMAMMAL,11/14/18,17:06:29,2019.01
25_09_SH,25_09_SH_0018.JPG,11/15/18 0:59,90,11/13/18,2/11/19,NOTHINGHERE,11/15/18,19:59:25,2019.01
25_09_SH,25_09_SH_0021.JPG,11/15/18 10:10,90,11/13/18,2/11/19,DEERWHITETAILED,11/15/18,5:10:21,2019.01
25_09_SH,25_09_SH_0024.JPG,11/15/18 10:11,90,11/13/18,2/11/19,DEERWHITETAILED,11/15/18,5:11:26,2019.01
25_09_SH,25_09_SH_0027.JPG,11/15/18 10:12,90,11/13/18,2/11/19,DEERWHITETAILED,11/15/18,5:12:40,2019.01
25_09_SH,25_09_SH_0030.JPG,11/15/18 10:13,90,11/13/18,2/11/19,DEERWHITETAILED,11/15/18,5:13:47,2019.01
25_09_SH,25_09_SH_0033.JPG,11/15/18 10:14,90,11/13/18,2/11/19,DEERWHITETAILED,11/15/18,5:14:52,2019.01
25_09_SH,25_09_SH_0036.JPG,11/15/18 11:46,90,11/13/18,2/11/19,SQUIRRELGRAY,11/15/18,6:46:50,2019.01
25_09_SH,25_09_SH_0039.JPG,11/17/18 11:35,90,11/13/18,2/11/19,NOTHINGHERE,11/17/18,6:35:58,2019.01
25_09_SH,25_09_SH_0042.JPG,11/18/18 0:15,90,11/13/18,2/11/19,COYOTE,11/18/18,19:15:50,2019.01
25_09_SH,25_09_SH_0045.JPG,11/18/18 5:50,90,11/13/18,2/11/19,DEERWHITETAILED,11/18/18,0:50:57,2019.01
25_09_SH,25_09_SH_0048.JPG,11/20/18 4:32,90,11/13/18,2/11/19,OTHERSMALLMAMMAL,11/20/18,23:32:07,2019.01
25_09_SH,25_09_SH_0051.JPG,11/21/18 3:48,90,11/13/18,2/11/19,FOXRED,11/21/18,22:48:02,2019.01
25_09_SH,25_09_SH_0054.JPG,11/22/18 6:03,90,11/13/18,2/11/19,NOTHINGHERE,11/22/18,1:03:58,2019.01
25_09_SH,25_09_SH_0057.JPG,11/22/18 11:47,90,11/13/18,2/11/19,NOTHINGHERE,11/22/18,6:47:58,2019.01
25_09_SH,25_09_SH_0060.JPG,11/22/18 22:12,90,11/13/18,2/11/19,NOTHINGHERE,11/22/18,17:12:34,2019.01
25_09_SH,25_09_SH_0063.JPG,11/26/18 14:14,90,11/13/18,2/11/19,SQUIRRELGRAY,11/26/18,9:14:46,2019.01
25_09_SH,25_09_SH_0066.JPG,11/27/18 12:26,90,11/13/18,2/11/19,SQUIRRELGRAY,11/27/18,7:26:07,2019.01
25_09_SH,25_09_SH_0069.JPG,12/10/18 4:56,90,11/13/18,2/11/19,FOXRED,12/10/18,23:56:18,2019.01
25_09_SH,25_09_SH_0072.JPG,12/10/18 13:42,90,11/13/18,2/11/19,SQUIRRELRED,12/10/18,8:42:53,2019.01
25_09_SH,25_09_SH_0075.JPG,12/18/18 15:18,90,11/13/18,2/11/19,DEERWHITETAILED,12/18/18,10:18:04,2019.01
25_09_SH,25_09_SH_0078.JPG,12/28/18 11:37,90,11/13/18,2/11/19,SQUIRRELGRAY,12/28/18,6:37:04,2019.01
25_09_SH,25_09_SH_0081.JPG,12/28/18 14:20,90,11/13/18,2/11/19,NOTHINGHERE,12/28/18,9:20:17,2019.01
25_09_SH,25_09_SH_0084.JPG,1/16/19 1:28,90,11/13/18,2/11/19,SOMETHINGHERE,1/16/19,20:28:38,2019.01
27_08_IMG,27_08_IMG_0028.JPG,1/12/18 12:34,75,12/12/18,2/25/19,NOTHINGHERE,1/12/18,7:34:51,2019.01
27_08_IMG,27_08_IMG_0031.JPG,1/12/18 13:13,75,12/12/18,2/25/19,NOTHINGHERE,1/12/18,8:13:21,2019.01
27_08_IMG,27_08_IMG_0034.JPG,1/12/18 15:27,75,12/12/18,2/25/19,DEERWHITETAILED,1/12/18,10:27:21,2019.01
27_08_IMG,27_08_IMG_0037.JPG,1/13/18 11:48,75,12/12/18,2/25/19,NOTHINGHERE,1/13/18,6:48:25,2019.01
27_08_IMG,27_08_IMG_0040.JPG,1/13/18 11:53,75,12/12/18,2/25/19,NOTHINGHERE,1/13/18,6:53:43,2019.01
27_08_IMG,27_08_IMG_0043.JPG,2/8/18 17:44,75,12/12/18,2/25/19,DEERWHITETAILED,2/8/18,12:44:50,2019.01
27_08_IMG,27_08_IMG_0046.JPG,2/25/18 16:57,75,12/12/18,2/25/19,NOTHINGHERE,2/25/18,11:57:14,2019.01
28_15_DEG,28_15_DEG_0008.JPG,11/27/18 20:02,73,11/26/18,2/7/19,FISHER,11/27/18,15:02:07,2019.01
28_15_DEG,28_15_DEG_0011.JPG,1/4/19 17:31,73,11/26/18,2/7/19,NOTHINGHERE,1/4/19,12:31:17,2019.01
28_15_DEG,28_15_DEG_0014.JPG,2/3/19 7:35,73,11/26/18,2/7/19,DEERWHITETAILED,2/3/19,2:35:45,2019.01
28_15_DEG,28_15_DEG_0017.JPG,2/7/19 13:09,73,11/26/18,2/7/19,HUMAN,2/7/19,8:09:16,2019.01
29_19_DEG,29_19_DEG_0001.JPG,11/26/18 22:52,73,11/26/18,2/7/19,DEERWHITETAILED,11/26/18,17:52:01,2019.01
29_19_DEG,29_19_DEG_0004.JPG,11/28/18 13:38,73,11/26/18,2/7/19,DEERWHITETAILED,11/28/18,8:38:20,2019.01
29_19_DEG,29_19_DEG_0007.JPG,11/29/18 0:16,73,11/26/18,2/7/19,FISHER,11/29/18,19:16:13,2019.01
29_19_DEG,29_19_DEG_0010.JPG,11/29/18 18:32,73,11/26/18,2/7/19,DEERWHITETAILED,11/29/18,13:32:19,2019.01
29_19_DEG,29_19_DEG_0013.JPG,11/30/18 6:39,73,11/26/18,2/7/19,SOMETHINGHERE,11/30/18,1:39:46,2019.01
29_19_DEG,29_19_DEG_0016.JPG,11/30/18 6:42,73,11/26/18,2/7/19,DEERWHITETAILED,11/30/18,1:42:33,2019.01
29_19_DEG,29_19_DEG_0019.JPG,11/30/18 6:44,73,11/26/18,2/7/19,DEERWHITETAILED,11/30/18,1:44:06,2019.01
29_19_DEG,29_19_DEG_0025.JPG,11/30/18 8:47,73,11/26/18,2/7/19,DEERWHITETAILED,11/30/18,3:47:11,2019.01
29_19_DEG,29_19_DEG_0028.JPG,12/3/18 18:33,73,11/26/18,2/7/19,DEERWHITETAILED,12/3/18,13:33:06,2019.01
29_19_DEG,29_19_DEG_0031.JPG,12/3/18 18:34,73,11/26/18,2/7/19,DEERWHITETAILED,12/3/18,13:34:21,2019.01
29_19_DEG,29_19_DEG_0034.JPG,12/4/18 0:28,73,11/26/18,2/7/19,DEERWHITETAILED,12/4/18,19:28:09,2019.01
29_19_DEG,29_19_DEG_0037.JPG,12/6/18 7:32,73,11/26/18,2/7/19,SQUIRRELGRAY,12/6/18,2:32:36,2019.01
29_19_DEG,29_19_DEG_0040.JPG,12/6/18 18:50,73,11/26/18,2/7/19,DEERWHITETAILED,12/6/18,13:50:53,2019.01
29_19_DEG,29_19_DEG_0043.JPG,12/8/18 9:27,73,11/26/18,2/7/19,DEERWHITETAILED,12/8/18,4:27:39,2019.01
29_19_DEG,29_19_DEG_0046.JPG,12/13/18 7:01,73,11/26/18,2/7/19,SOMETHINGHERE,12/13/18,2:01:13,2019.01
29_19_DEG,29_19_DEG_0049.JPG,12/14/18 19:14,73,11/26/18,2/7/19,DEERWHITETAILED,12/14/18,14:14:50,2019.01
29_19_DEG,29_19_DEG_0052.JPG,12/15/18 6:10,73,11/26/18,2/7/19,DEERWHITETAILED,12/15/18,1:10:48,2019.01
29_19_DEG,29_19_DEG_0055.JPG,12/15/18 6:12,73,11/26/18,2/7/19,DEERWHITETAILED,12/15/18,1:12:00,2019.01
29_19_DEG,29_19_DEG_0061.JPG,12/15/18 6:14,73,11/26/18,2/7/19,DEERWHITETAILED,12/15/18,1:14:23,2019.01
29_19_DEG,29_19_DEG_0064.JPG,12/15/18 7:34,73,11/26/18,2/7/19,DEERWHITETAILED,12/15/18,2:34:47,2019.01
29_19_DEG,29_19_DEG_0067.JPG,12/16/18 7:09,73,11/26/18,2/7/19,DEERWHITETAILED,12/16/18,2:09:54,2019.01
29_19_DEG,29_19_DEG_0070.JPG,12/16/18 7:10,73,11/26/18,2/7/19,DEERWHITETAILED,12/16/18,2:10:59,2019.01
29_19_DEG,29_19_DEG_0073.JPG,12/16/18 8:54,73,11/26/18,2/7/19,SQUIRRELRED,12/16/18,3:54:59,2019.01
29_19_DEG,29_19_DEG_0076.JPG,12/16/18 11:27,73,11/26/18,2/7/19,SQUIRRELRED,12/16/18,6:27:52,2019.01
29_19_DEG,29_19_DEG_0079.JPG,12/16/18 17:30,73,11/26/18,2/7/19,DEERWHITETAILED,12/16/18,12:30:25,2019.01
29_19_DEG,29_19_DEG_0082.JPG,12/16/18 18:33,73,11/26/18,2/7/19,DEERWHITETAILED,12/16/18,13:33:45,2019.01
29_19_DEG,29_19_DEG_0085.JPG,12/16/18 18:34,73,11/26/18,2/7/19,DEERWHITETAILED,12/16/18,13:34:51,2019.01
29_19_DEG,29_19_DEG_0088.JPG,12/16/18 18:37,73,11/26/18,2/7/19,DEERWHITETAILED,12/16/18,13:37:32,2019.01
29_19_DEG,29_19_DEG_0091.JPG,12/16/18 20:54,73,11/26/18,2/7/19,DEERWHITETAILED,12/16/18,15:54:01,2019.01
29_19_DEG,29_19_DEG_0094.JPG,12/20/18 20:04,73,11/26/18,2/7/19,DEERWHITETAILED,12/20/18,15:04:00,2019.01
29_19_DEG,29_19_DEG_0097.JPG,12/20/18 20:21,73,11/26/18,2/7/19,DEERWHITETAILED,12/20/18,15:21:00,2019.01
29_19_DEG,29_19_DEG_0103.JPG,12/21/18 1:46,73,11/26/18,2/7/19,DEERWHITETAILED,12/21/18,20:46:58,2019.01
29_19_DEG,29_19_DEG_0106.JPG,12/21/18 7:05,73,11/26/18,2/7/19,DEERWHITETAILED,12/21/18,2:05:46,2019.01
29_19_DEG,29_19_DEG_0112.JPG,12/22/18 8:21,73,11/26/18,2/7/19,DEERWHITETAILED,12/22/18,3:21:51,2019.01
29_19_DEG,29_19_DEG_0115.JPG,12/22/18 15:02,73,11/26/18,2/7/19,DEERWHITETAILED,12/22/18,10:02:50,2019.01
29_19_DEG,29_19_DEG_0118.JPG,12/22/18 16:04,73,11/26/18,2/7/19,DEERWHITETAILED,12/22/18,11:04:11,2019.01
29_19_DEG,29_19_DEG_0121.JPG,12/22/18 16:05,73,11/26/18,2/7/19,DEERWHITETAILED,12/22/18,11:05:17,2019.01
29_19_DEG,29_19_DEG_0127.JPG,12/22/18 16:07,73,11/26/18,2/7/19,DEERWHITETAILED,12/22/18,11:07:28,2019.01
29_19_DEG,29_19_DEG_0130.JPG,12/22/18 16:08,73,11/26/18,2/7/19,DEERWHITETAILED,12/22/18,11:08:33,2019.01
29_19_DEG,29_19_DEG_0133.JPG,12/22/18 16:09,73,11/26/18,2/7/19,DEERWHITETAILED,12/22/18,11:09:40,2019.01
29_19_DEG,29_19_DEG_0136.JPG,12/22/18 17:47,73,11/26/18,2/7/19,NOTHINGHERE,12/22/18,12:47:05,2019.01
29_19_DEG,29_19_DEG_0139.JPG,12/23/18 7:33,73,11/26/18,2/7/19,DEERWHITETAILED,12/23/18,2:33:26,2019.01
29_19_DEG,29_19_DEG_0142.JPG,12/23/18 7:59,73,11/26/18,2/7/19,DEERWHITETAILED,12/23/18,2:59:14,2019.01
29_19_DEG,29_19_DEG_0145.JPG,12/23/18 8:00,73,11/26/18,2/7/19,DEERWHITETAILED,12/23/18,3:00:19,2019.01
29_19_DEG,29_19_DEG_0148.JPG,12/23/18 8:51,73,11/26/18,2/7/19,NOTHINGHERE,12/23/18,3:51:28,2019.01
29_19_DEG,29_19_DEG_0151.JPG,12/23/18 21:14,73,11/26/18,2/7/19,DEERWHITETAILED,12/23/18,16:14:10,2019.01
29_19_DEG,29_19_DEG_0160.JPG,12/23/18 21:21,73,11/26/18,2/7/19,DEERWHITETAILED,12/23/18,16:21:18,2019.01
29_19_DEG,29_19_DEG_0163.JPG,12/23/18 21:22,73,11/26/18,2/7/19,DEERWHITETAILED,12/23/18,16:22:26,2019.01
29_19_DEG,29_19_DEG_0166.JPG,12/23/18 21:47,73,11/26/18,2/7/19,DEERWHITETAILED,12/23/18,16:47:19,2019.01
29_19_DEG,29_19_DEG_0169.JPG,12/24/18 20:37,73,11/26/18,2/7/19,DEERWHITETAILED,12/24/18,15:37:47,2019.01
29_19_DEG,29_19_DEG_0172.JPG,12/24/18 21:12,73,11/26/18,2/7/19,DEERWHITETAILED,12/24/18,16:12:58,2019.01
29_19_DEG,29_19_DEG_0175.JPG,12/24/18 21:14,73,11/26/18,2/7/19,DEERWHITETAILED,12/24/18,16:14:08,2019.01
29_19_DEG,29_19_DEG_0178.JPG,12/24/18 21:37,73,11/26/18,2/7/19,DEERWHITETAILED,12/24/18,16:37:12,2019.01
29_19_DEG,29_19_DEG_0181.JPG,12/24/18 21:38,73,11/26/18,2/7/19,DEERWHITETAILED,12/24/18,16:38:27,2019.01
29_19_DEG,29_19_DEG_0184.JPG,12/25/18 5:19,73,11/26/18,2/7/19,SOMETHINGHERE,12/25/18,0:19:29,2019.01
29_19_DEG,29_19_DEG_0187.JPG,12/25/18 15:05,73,11/26/18,2/7/19,DEERWHITETAILED,12/25/18,10:05:31,2019.01
29_19_DEG,29_19_DEG_0190.JPG,12/25/18 15:50,73,11/26/18,2/7/19,DEERWHITETAILED,12/25/18,10:50:43,2019.01
29_19_DEG,29_19_DEG_0193.JPG,12/25/18 15:56,73,11/26/18,2/7/19,DEERWHITETAILED,12/25/18,10:56:11,2019.01
29_19_DEG,29_19_DEG_0196.JPG,12/25/18 15:59,73,11/26/18,2/7/19,DEERWHITETAILED,12/25/18,10:59:15,2019.01
29_19_DEG,29_19_DEG_0199.JPG,12/25/18 16:01,73,11/26/18,2/7/19,DEERWHITETAILED,12/25/18,11:01:48,2019.01
29_19_DEG,29_19_DEG_0202.JPG,12/28/18 5:17,73,11/26/18,2/7/19,DEERWHITETAILED,12/28/18,0:17:43,2019.01
29_19_DEG,29_19_DEG_0205.JPG,12/28/18 5:40,73,11/26/18,2/7/19,DEERWHITETAILED,12/28/18,0:40:13,2019.01
29_19_DEG,29_19_DEG_0208.JPG,12/28/18 6:02,73,11/26/18,2/7/19,DEERWHITETAILED,12/28/18,1:02:43,2019.01
29_19_DEG,29_19_DEG_0211.JPG,12/28/18 6:03,73,11/26/18,2/7/19,DEERWHITETAILED,12/28/18,1:03:49,2019.01
29_19_DEG,29_19_DEG_0214.JPG,12/28/18 10:20,73,11/26/18,2/7/19,DEERWHITETAILED,12/28/18,5:20:05,2019.01
29_19_DEG,29_19_DEG_0217.JPG,12/28/18 19:14,73,11/26/18,2/7/19,PORCUPINE,12/28/18,14:14:42,2019.01
29_19_DEG,29_19_DEG_0220.JPG,12/29/18 14:24,73,11/26/18,2/7/19,DEERWHITETAILED,12/29/18,9:24:54,2019.01
29_19_DEG,29_19_DEG_0223.JPG,12/31/18 3:05,73,11/26/18,2/7/19,DEERWHITETAILED,12/31/18,22:05:23,2019.01
29_19_DEG,29_19_DEG_0226.JPG,12/31/18 6:46,73,11/26/18,2/7/19,DEERWHITETAILED,12/31/18,1:46:59,2019.01
29_19_DEG,29_19_DEG_0229.JPG,12/31/18 17:35,73,11/26/18,2/7/19,DEERWHITETAILED,12/31/18,12:35:53,2019.01
29_19_DEG,29_19_DEG_0232.JPG,1/1/19 22:22,73,11/26/18,2/7/19,DEERWHITETAILED,1/1/19,17:22:49,2019.01
29_19_DEG,29_19_DEG_0235.JPG,1/4/19 2:54,73,11/26/18,2/7/19,DEERWHITETAILED,1/4/19,21:54:25,2019.01
29_19_DEG,29_19_DEG_0238.JPG,1/4/19 12:11,73,11/26/18,2/7/19,DEERWHITETAILED,1/4/19,7:11:31,2019.01
29_19_DEG,29_19_DEG_0241.JPG,1/4/19 15:31,73,11/26/18,2/7/19,DEERWHITETAILED,1/4/19,10:31:40,2019.01
29_19_DEG,29_19_DEG_0244.JPG,1/4/19 15:42,73,11/26/18,2/7/19,DEERWHITETAILED,1/4/19,10:42:04,2019.01
29_19_DEG,29_19_DEG_0247.JPG,1/5/19 3:03,73,11/26/18,2/7/19,DEERWHITETAILED,1/5/19,22:03:20,2019.01
29_19_DEG,29_19_DEG_0250.JPG,1/5/19 7:02,73,11/26/18,2/7/19,NOTHINGHERE,1/5/19,2:02:46,2019.01
29_19_DEG,29_19_DEG_0253.JPG,1/6/19 7:17,73,11/26/18,2/7/19,DEERWHITETAILED,1/6/19,2:17:43,2019.01
29_19_DEG,29_19_DEG_0256.JPG,1/7/19 21:54,73,11/26/18,2/7/19,NOTHINGHERE,1/7/19,16:54:28,2019.01
29_19_DEG,29_19_DEG_0259.JPG,1/8/19 3:13,73,11/26/18,2/7/19,DEERWHITETAILED,1/8/19,22:13:27,2019.01
29_19_DEG,29_19_DEG_0262.JPG,1/8/19 7:36,73,11/26/18,2/7/19,DEERWHITETAILED,1/8/19,2:36:12,2019.01
29_19_DEG,29_19_DEG_0265.JPG,1/9/19 6:45,73,11/26/18,2/7/19,DEERWHITETAILED,1/9/19,1:45:25,2019.01
29_19_DEG,29_19_DEG_0268.JPG,1/9/19 6:46,73,11/26/18,2/7/19,NOTHINGHERE,1/9/19,1:46:30,2019.01
29_19_DEG,29_19_DEG_0271.JPG,1/11/19 10:06,73,11/26/18,2/7/19,DEERWHITETAILED,1/11/19,5:06:22,2019.01
29_19_DEG,29_19_DEG_0274.JPG,1/11/19 11:26,73,11/26/18,2/7/19,DEERWHITETAILED,1/11/19,6:26:26,2019.01
29_19_DEG,29_19_DEG_0277.JPG,1/11/19 11:28,73,11/26/18,2/7/19,DEERWHITETAILED,1/11/19,6:28:17,2019.01
29_19_DEG,29_19_DEG_0280.JPG,1/11/19 14:53,73,11/26/18,2/7/19,DEERWHITETAILED,1/11/19,9:53:33,2019.01
29_19_DEG,29_19_DEG_0283.JPG,1/11/19 18:38,73,11/26/18,2/7/19,DEERWHITETAILED,1/11/19,13:38:39,2019.01
29_19_DEG,29_19_DEG_0286.JPG,1/11/19 21:21,73,11/26/18,2/7/19,SOMETHINGHERE,1/11/19,16:21:58,2019.01
29_19_DEG,29_19_DEG_0289.JPG,1/12/19 9:57,73,11/26/18,2/7/19,DEERWHITETAILED,1/12/19,4:57:22,2019.01
29_19_DEG,29_19_DEG_0292.JPG,1/12/19 9:58,73,11/26/18,2/7/19,DEERWHITETAILED,1/12/19,4:58:35,2019.01
29_19_DEG,29_19_DEG_0295.JPG,1/12/19 10:00,73,11/26/18,2/7/19,DEERWHITETAILED,1/12/19,5:00:53,2019.01
29_19_DEG,29_19_DEG_0298.JPG,1/12/19 14:42,73,11/26/18,2/7/19,DEERWHITETAILED,1/12/19,9:42:34,2019.01
29_19_DEG,29_19_DEG_0301.JPG,1/12/19 16:22,73,11/26/18,2/7/19,DEERWHITETAILED,1/12/19,11:22:23,2019.01
29_19_DEG,29_19_DEG_0304.JPG,1/12/19 23:37,73,11/26/18,2/7/19,SOMETHINGHERE,1/12/19,18:37:27,2019.01
29_19_DEG,29_19_DEG_0307.JPG,1/13/19 10:16,73,11/26/18,2/7/19,DEERWHITETAILED,1/13/19,5:16:10,2019.01
29_19_DEG,29_19_DEG_0310.JPG,1/13/19 10:26,73,11/26/18,2/7/19,DEERWHITETAILED,1/13/19,5:26:18,2019.01
29_19_DEG,29_19_DEG_0313.JPG,1/13/19 11:18,73,11/26/18,2/7/19,DEERWHITETAILED,1/13/19,6:18:58,2019.01
29_19_DEG,29_19_DEG_0316.JPG,1/13/19 11:21,73,11/26/18,2/7/19,DEERWHITETAILED,1/13/19,6:21:24,2019.01
29_19_DEG,29_19_DEG_0319.JPG,1/13/19 11:35,73,11/26/18,2/7/19,DEERWHITETAILED,1/13/19,6:35:00,2019.01
29_19_DEG,29_19_DEG_0322.JPG,1/13/19 16:09,73,11/26/18,2/7/19,DEERWHITETAILED,1/13/19,11:09:36,2019.01
29_19_DEG,29_19_DEG_0325.JPG,1/14/19 2:55,73,11/26/18,2/7/19,NOTHINGHERE,1/14/19,21:55:18,2019.01
29_19_DEG,29_19_DEG_0328.JPG,1/14/19 10:02,73,11/26/18,2/7/19,DEERWHITETAILED,1/14/19,5:02:42,2019.01
29_19_DEG,29_19_DEG_0331.JPG,1/14/19 10:06,73,11/26/18,2/7/19,DEERWHITETAILED,1/14/19,5:06:46,2019.01
29_19_DEG,29_19_DEG_0334.JPG,1/15/19 9:43,73,11/26/18,2/7/19,DEERWHITETAILED,1/15/19,4:43:56,2019.01
29_19_DEG,29_19_DEG_0337.JPG,1/15/19 11:26,73,11/26/18,2/7/19,DEERWHITETAILED,1/15/19,6:26:19,2019.01
29_19_DEG,29_19_DEG_0340.JPG,1/15/19 12:03,73,11/26/18,2/7/19,DEERWHITETAILED,1/15/19,7:03:28,2019.01
29_19_DEG,29_19_DEG_0343.JPG,1/15/19 18:24,73,11/26/18,2/7/19,DEERWHITETAILED,1/15/19,13:24:18,2019.01
29_19_DEG,29_19_DEG_0346.JPG,1/15/19 20:26,73,11/26/18,2/7/19,NOTHINGHERE,1/15/19,15:26:58,2019.01
29_19_DEG,29_19_DEG_0349.JPG,1/15/19 20:58,73,11/26/18,2/7/19,DEERWHITETAILED,1/15/19,15:58:30,2019.01
29_19_DEG,29_19_DEG_0352.JPG,1/15/19 23:28,73,11/26/18,2/7/19,DEERWHITETAILED,1/15/19,18:28:19,2019.01
29_19_DEG,29_19_DEG_0355.JPG,1/15/19 23:35,73,11/26/18,2/7/19,NOTHINGHERE,1/15/19,18:35:29,2019.01
29_19_DEG,29_19_DEG_0358.JPG,1/16/19 3:43,73,11/26/18,2/7/19,DEERWHITETAILED,1/16/19,22:43:59,2019.01
29_19_DEG,29_19_DEG_0361.JPG,1/16/19 4:23,73,11/26/18,2/7/19,DEERWHITETAILED,1/16/19,23:23:54,2019.01
29_19_DEG,29_19_DEG_0364.JPG,1/16/19 6:51,73,11/26/18,2/7/19,NOTHINGHERE,1/16/19,1:51:17,2019.01
29_19_DEG,29_19_DEG_0367.JPG,1/16/19 14:45,73,11/26/18,2/7/19,DEERWHITETAILED,1/16/19,9:45:53,2019.01
29_19_DEG,29_19_DEG_0370.JPG,1/16/19 16:20,73,11/26/18,2/7/19,DEERWHITETAILED,1/16/19,11:20:25,2019.01
29_19_DEG,29_19_DEG_0373.JPG,1/16/19 16:30,73,11/26/18,2/7/19,DEERWHITETAILED,1/16/19,11:30:51,2019.01
29_19_DEG,29_19_DEG_0376.JPG,1/17/19 14:45,73,11/26/18,2/7/19,DEERWHITETAILED,1/17/19,9:45:39,2019.01
29_19_DEG,29_19_DEG_0379.JPG,1/18/19 8:43,73,11/26/18,2/7/19,DEERWHITETAILED,1/18/19,3:43:46,2019.01
29_19_DEG,29_19_DEG_0382.JPG,1/18/19 8:45,73,11/26/18,2/7/19,DEERWHITETAILED,1/18/19,3:45:21,2019.01
29_19_DEG,29_19_DEG_0385.JPG,1/18/19 8:46,73,11/26/18,2/7/19,DEERWHITETAILED,1/18/19,3:46:26,2019.01
29_19_DEG,29_19_DEG_0388.JPG,1/18/19 12:38,73,11/26/18,2/7/19,DEERWHITETAILED,1/18/19,7:38:07,2019.01
29_19_DEG,29_19_DEG_0391.JPG,1/18/19 15:02,73,11/26/18,2/7/19,DEERWHITETAILED,1/18/19,10:02:40,2019.01
29_19_DEG,29_19_DEG_0394.JPG,1/18/19 15:04,73,11/26/18,2/7/19,DEERWHITETAILED,1/18/19,10:04:47,2019.01
29_19_DEG,29_19_DEG_0397.JPG,1/21/19 9:29,73,11/26/18,2/7/19,DEERWHITETAILED,1/21/19,4:29:18,2019.01
29_19_DEG,29_19_DEG_0400.JPG,1/22/19 23:37,73,11/26/18,2/7/19,DEERWHITETAILED,1/22/19,18:37:13,2019.01
29_19_DEG,29_19_DEG_0403.JPG,1/23/19 6:40,73,11/26/18,2/7/19,SOMETHINGHERE,1/23/19,1:40:46,2019.01
29_19_DEG,29_19_DEG_0406.JPG,1/23/19 6:58,73,11/26/18,2/7/19,DEERWHITETAILED,1/23/19,1:58:35,2019.01
29_19_DEG,29_19_DEG_0409.JPG,1/23/19 7:00,73,11/26/18,2/7/19,DEERWHITETAILED,1/23/19,2:00:04,2019.01
29_19_DEG,29_19_DEG_0412.JPG,1/23/19 7:39,73,11/26/18,2/7/19,DEERWHITETAILED,1/23/19,2:39:07,2019.01
29_19_DEG,29_19_DEG_0415.JPG,1/23/19 16:29,73,11/26/18,2/7/19,DEERWHITETAILED,1/23/19,11:29:34,2019.01
29_19_DEG,29_19_DEG_0418.JPG,1/23/19 18:45,73,11/26/18,2/7/19,NOTHINGHERE,1/23/19,13:45:40,2019.01
29_19_DEG,29_19_DEG_0421.JPG,1/23/19 18:56,73,11/26/18,2/7/19,SOMETHINGHERE,1/23/19,13:56:30,2019.01
29_19_DEG,29_19_DEG_0424.JPG,1/23/19 18:57,73,11/26/18,2/7/19,NOTHINGHERE,1/23/19,13:57:35,2019.01
29_19_DEG,29_19_DEG_0427.JPG,1/23/19 19:11,73,11/26/18,2/7/19,SOMETHINGHERE,1/23/19,14:11:23,2019.01
29_19_DEG,29_19_DEG_0430.JPG,1/23/19 20:04,73,11/26/18,2/7/19,NOTHINGHERE,1/23/19,15:04:00,2019.01
29_19_DEG,29_19_DEG_0433.JPG,1/23/19 21:04,73,11/26/18,2/7/19,NOTHINGHERE,1/23/19,16:04:04,2019.01
29_19_DEG,29_19_DEG_0436.JPG,1/23/19 21:38,73,11/26/18,2/7/19,NOTHINGHERE,1/23/19,16:38:35,2019.01
29_19_DEG,29_19_DEG_0439.JPG,1/23/19 22:29,73,11/26/18,2/7/19,NOTHINGHERE,1/23/19,17:29:44,2019.01
29_19_DEG,29_19_DEG_0442.JPG,1/23/19 22:30,73,11/26/18,2/7/19,NOTHINGHERE,1/23/19,17:30:57,2019.01
29_19_DEG,29_19_DEG_0445.JPG,1/23/19 22:54,73,11/26/18,2/7/19,SOMETHINGHERE,1/23/19,17:54:03,2019.01
29_19_DEG,29_19_DEG_0448.JPG,1/23/19 22:57,73,11/26/18,2/7/19,SOMETHINGHERE,1/23/19,17:57:15,2019.01
29_19_DEG,29_19_DEG_0451.JPG,1/24/19 0:01,73,11/26/18,2/7/19,NOTHINGHERE,1/24/19,19:01:13,2019.01
29_19_DEG,29_19_DEG_0454.JPG,1/24/19 1:32,73,11/26/18,2/7/19,DEERWHITETAILED,1/24/19,20:32:46,2019.01
29_19_DEG,29_19_DEG_0457.JPG,1/24/19 1:34,73,11/26/18,2/7/19,DEERWHITETAILED,1/24/19,20:34:00,2019.01
29_19_DEG,29_19_DEG_0460.JPG,1/24/19 4:58,73,11/26/18,2/7/19,NOTHINGHERE,1/24/19,23:58:49,2019.01
29_19_DEG,29_19_DEG_0463.JPG,1/24/19 4:59,73,11/26/18,2/7/19,NOTHINGHERE,1/24/19,23:59:58,2019.01
29_19_DEG,29_19_DEG_0466.JPG,1/24/19 5:03,73,11/26/18,2/7/19,DEERWHITETAILED,1/24/19,0:03:57,2019.01
29_19_DEG,29_19_DEG_0469.JPG,1/26/19 11:35,73,11/26/18,2/7/19,DEERWHITETAILED,1/26/19,6:35:11,2019.01
29_19_DEG,29_19_DEG_0472.JPG,1/26/19 11:36,73,11/26/18,2/7/19,DEERWHITETAILED,1/26/19,6:36:23,2019.01
29_19_DEG,29_19_DEG_0475.JPG,1/26/19 11:57,73,11/26/18,2/7/19,DEERWHITETAILED,1/26/19,6:57:12,2019.01
29_19_DEG,29_19_DEG_0478.JPG,1/27/19 8:57,73,11/26/18,2/7/19,DEERWHITETAILED,1/27/19,3:57:44,2019.01
29_19_DEG,29_19_DEG_0481.JPG,1/27/19 9:22,73,11/26/18,2/7/19,DEERWHITETAILED,1/27/19,4:22:13,2019.01
29_19_DEG,29_19_DEG_0484.JPG,1/27/19 12:12,73,11/26/18,2/7/19,DEERWHITETAILED,1/27/19,7:12:49,2019.01
29_19_DEG,29_19_DEG_0487.JPG,1/27/19 12:14,73,11/26/18,2/7/19,DEERWHITETAILED,1/27/19,7:14:04,2019.01
29_19_DEG,29_19_DEG_0490.JPG,1/27/19 12:21,73,11/26/18,2/7/19,DEERWHITETAILED,1/27/19,7:21:21,2019.01
29_19_DEG,29_19_DEG_0493.JPG,1/27/19 15:25,73,11/26/18,2/7/19,DEERWHITETAILED,1/27/19,10:25:02,2019.01
29_19_DEG,29_19_DEG_0496.JPG,1/28/19 13:27,73,11/26/18,2/7/19,DEERWHITETAILED,1/28/19,8:27:59,2019.01
29_19_DEG,29_19_DEG_0499.JPG,1/28/19 14:05,73,11/26/18,2/7/19,DEERWHITETAILED,1/28/19,9:05:41,2019.01
29_19_DEG,29_19_DEG_0502.JPG,1/28/19 14:07,73,11/26/18,2/7/19,DEERWHITETAILED,1/28/19,9:07:37,2019.01
29_19_DEG,29_19_DEG_0505.JPG,1/29/19 12:12,73,11/26/18,2/7/19,DEERWHITETAILED,1/29/19,7:12:35,2019.01
29_19_DEG,29_19_DEG_0508.JPG,1/30/19 11:30,73,11/26/18,2/7/19,DEERWHITETAILED,1/30/19,6:30:09,2019.01
29_19_DEG,29_19_DEG_0511.JPG,1/30/19 11:32,73,11/26/18,2/7/19,DEERWHITETAILED,1/30/19,6:32:34,2019.01
29_19_DEG,29_19_DEG_0514.JPG,1/30/19 12:27,73,11/26/18,2/7/19,DEERWHITETAILED,1/30/19,7:27:32,2019.01
29_19_DEG,29_19_DEG_0517.JPG,1/30/19 14:56,73,11/26/18,2/7/19,DEERWHITETAILED,1/30/19,9:56:33,2019.01
29_19_DEG,29_19_DEG_0520.JPG,1/30/19 15:43,73,11/26/18,2/7/19,DEERWHITETAILED,1/30/19,10:43:26,2019.01
29_19_DEG,29_19_DEG_0523.JPG,1/30/19 16:03,73,11/26/18,2/7/19,DEERWHITETAILED,1/30/19,11:03:31,2019.01
29_19_DEG,29_19_DEG_0526.JPG,1/31/19 13:16,73,11/26/18,2/7/19,DEERWHITETAILED,1/31/19,8:16:12,2019.01
29_19_DEG,29_19_DEG_0529.JPG,1/31/19 14:11,73,11/26/18,2/7/19,DEERWHITETAILED,1/31/19,9:11:04,2019.01
29_19_DEG,29_19_DEG_0532.JPG,2/1/19 16:48,73,11/26/18,2/7/19,DEERWHITETAILED,2/1/19,11:48:23,2019.01
29_19_DEG,29_19_DEG_0535.JPG,2/1/19 16:53,73,11/26/18,2/7/19,DEERWHITETAILED,2/1/19,11:53:25,2019.01
29_19_DEG,29_19_DEG_0538.JPG,2/1/19 16:55,73,11/26/18,2/7/19,DEERWHITETAILED,2/1/19,11:55:15,2019.01
31_06_WHIP,31_06_WHIP_0007.JPG,12/7/18 2:38,49,12/6/18,1/24/19,NOTHINGHERE,12/7/18,21:38:16,2019.01
31_06_WHIP,31_06_WHIP_0010.JPG,12/7/18 20:59,49,12/6/18,1/24/19,NOTHINGHERE,12/7/18,15:59:09,2019.01
31_06_WHIP,31_06_WHIP_0013.JPG,12/7/18 21:00,49,12/6/18,1/24/19,NOTHINGHERE,12/7/18,16:00:41,2019.01
31_06_WHIP,31_06_WHIP_0016.JPG,12/7/18 23:00,49,12/6/18,1/24/19,NOTHINGHERE,12/7/18,18:00:25,2019.01
31_06_WHIP,31_06_WHIP_0019.JPG,12/7/18 23:02,49,12/6/18,1/24/19,NOTHINGHERE,12/7/18,18:02:45,2019.01
31_06_WHIP,31_06_WHIP_0022.JPG,12/11/18 23:18,49,12/6/18,1/24/19,DEERWHITETAILED,12/11/18,18:18:20,2019.01
31_06_WHIP,31_06_WHIP_0025.JPG,12/13/18 0:36,49,12/6/18,1/24/19,NOTHINGHERE,12/13/18,19:36:31,2019.01
31_06_WHIP,31_06_WHIP_0028.JPG,12/25/18 23:38,49,12/6/18,1/24/19,SOMETHINGHERE,12/25/18,18:38:32,2019.01
31_06_WHIP,31_06_WHIP_0031.JPG,12/30/18 1:06,49,12/6/18,1/24/19,DEERWHITETAILED,12/30/18,20:06:56,2019.01
31_06_WHIP,31_06_WHIP_0034.JPG,12/30/18 8:32,49,12/6/18,1/24/19,DEERWHITETAILED,12/30/18,3:32:17,2019.01
31_06_WHIP,31_06_WHIP_0037.JPG,12/31/18 5:41,49,12/6/18,1/24/19,SOMETHINGHERE,12/31/18,0:41:37,2019.01
31_06_WHIP,31_06_WHIP_0040.JPG,12/31/18 21:24,49,12/6/18,1/24/19,SOMETHINGHERE,12/31/18,16:24:26,2019.01
31_06_WHIP,31_06_WHIP_0043.JPG,1/4/19 19:06,49,12/6/18,1/24/19,NOTHINGHERE,1/4/19,14:06:27,2019.01
31_06_WHIP,31_06_WHIP_0046.JPG,1/5/19 23:13,49,12/6/18,1/24/19,DEERWHITETAILED,1/5/19,18:13:28,2019.01
31_06_WHIP,31_06_WHIP_0049.JPG,1/6/19 2:00,49,12/6/18,1/24/19,NOTHINGHERE,1/6/19,21:00:47,2019.01
31_06_WHIP,31_06_WHIP_0052.JPG,1/6/19 3:52,49,12/6/18,1/24/19,NOTHINGHERE,1/6/19,22:52:29,2019.01
31_06_WHIP,31_06_WHIP_0055.JPG,1/18/19 9:20,49,12/6/18,1/24/19,DOMESTICDOG,1/18/19,4:20:17,2019.01
31_06_WHIP,31_06_WHIP_0058.JPG,1/19/19 14:21,49,12/6/18,1/24/19,NOTHINGHERE,1/19/19,9:21:16,2019.01
31_06_WHIP,31_06_WHIP_0061.JPG,1/24/19 13:37,49,12/6/18,1/24/19,HUMAN,1/24/19,8:37:48,2019.01
31_06_WHIP,31_06_WHIP_0064.JPG,1/24/19 13:39,49,12/6/18,1/24/19,NOTHINGHERE,1/24/19,8:39:15,2019.01
31_06_WHIP,31_06_WHIP_0067.JPG,1/24/19 13:40,49,12/6/18,1/24/19,NOTHINGHERE,1/24/19,8:40:27,2019.01
31_06_WHIP,31_06_WHIP_0073.JPG,1/24/19 13:43,49,12/6/18,1/24/19,HUMAN,1/24/19,8:43:25,2019.01
31_06_WHIP,31_06_WHIP_0076.JPG,1/24/19 13:44,49,12/6/18,1/24/19,HUMAN,1/24/19,8:44:34,2019.01
32_17_WHIP,32_17_WHIP_0001.JPG,12/8/18 21:51,49,12/6/18,1/24/19,DEERWHITETAILED,12/8/18,16:51:16,2019.01
32_17_WHIP,32_17_WHIP_0004.JPG,12/16/18 5:58,49,12/6/18,1/24/19,DEERWHITETAILED,12/16/18,0:58:35,2019.01
32_17_WHIP,32_17_WHIP_0007.JPG,12/16/18 5:59,49,12/6/18,1/24/19,DEERWHITETAILED,12/16/18,0:59:44,2019.01
32_17_WHIP,32_17_WHIP_0010.JPG,12/16/18 6:00,49,12/6/18,1/24/19,DEERWHITETAILED,12/16/18,1:00:49,2019.01
32_17_WHIP,32_17_WHIP_0013.JPG,12/16/18 6:17,49,12/6/18,1/24/19,DEERWHITETAILED,12/16/18,1:17:48,2019.01
32_17_WHIP,32_17_WHIP_0016.JPG,12/16/18 6:21,49,12/6/18,1/24/19,DEERWHITETAILED,12/16/18,1:21:22,2019.01
32_17_WHIP,32_17_WHIP_0019.JPG,12/16/18 6:28,49,12/6/18,1/24/19,DEERWHITETAILED,12/16/18,1:28:31,2019.01
32_17_WHIP,32_17_WHIP_0022.JPG,12/16/18 6:29,49,12/6/18,1/24/19,DEERWHITETAILED,12/16/18,1:29:36,2019.01
32_17_WHIP,32_17_WHIP_0025.JPG,12/17/18 9:57,49,12/6/18,1/24/19,SQUIRRELGRAY,12/17/18,4:57:10,2019.01
32_17_WHIP,32_17_WHIP_0028.JPG,12/23/18 18:11,49,12/6/18,1/24/19,FISHER,12/23/18,13:11:29,2019.01
32_17_WHIP,32_17_WHIP_0031.JPG,12/29/18 5:51,49,12/6/18,1/24/19,NOTHINGHERE,12/29/18,0:51:42,2019.01
32_17_WHIP,32_17_WHIP_0034.JPG,12/29/18 17:17,49,12/6/18,1/24/19,DEERWHITETAILED,12/29/18,12:17:14,2019.01
32_17_WHIP,32_17_WHIP_0037.JPG,12/31/18 16:58,49,12/6/18,1/24/19,DEERWHITETAILED,12/31/18,11:58:30,2019.01
32_17_WHIP,32_17_WHIP_0040.JPG,12/31/18 17:02,49,12/6/18,1/24/19,DEERWHITETAILED,12/31/18,12:02:25,2019.01
32_17_WHIP,32_17_WHIP_0043.JPG,1/1/19 11:19,49,12/6/18,1/24/19,SQUIRRELGRAY,1/1/19,6:19:42,2019.01
32_17_WHIP,32_17_WHIP_0046.JPG,1/5/19 7:13,49,12/6/18,1/24/19,DEERWHITETAILED,1/5/19,2:13:30,2019.01
32_17_WHIP,32_17_WHIP_0049.JPG,1/5/19 7:14,49,12/6/18,1/24/19,DEERWHITETAILED,1/5/19,2:14:35,2019.01
32_17_WHIP,32_17_WHIP_0052.JPG,1/5/19 11:21,49,12/6/18,1/24/19,DEERWHITETAILED,1/5/19,6:21:04,2019.01
32_17_WHIP,32_17_WHIP_0055.JPG,1/7/19 10:51,49,12/6/18,1/24/19,DEERWHITETAILED,1/7/19,5:51:53,2019.01
32_17_WHIP,32_17_WHIP_0058.JPG,1/7/19 10:53,49,12/6/18,1/24/19,DEERWHITETAILED,1/7/19,5:53:00,2019.01
32_17_WHIP,32_17_WHIP_0061.JPG,1/8/19 16:35,49,12/6/18,1/24/19,DEERWHITETAILED,1/8/19,11:35:31,2019.01
32_17_WHIP,32_17_WHIP_0064.JPG,1/18/19 7:59,49,12/6/18,1/24/19,DEERWHITETAILED,1/18/19,2:59:34,2019.01
32_17_WHIP,32_17_WHIP_0067.JPG,1/22/19 19:11,49,12/6/18,1/24/19,FOXRED,1/22/19,14:11:37,2019.01
32_17_WHIP,32_17_WHIP_0070.JPG,1/23/19 22:34,49,12/6/18,1/24/19,COYOTE,1/23/19,17:34:19,2019.01
32_17_WHIP,32_17_WHIP_0073.JPG,1/24/19 13:59,49,12/6/18,1/24/19,HUMAN,1/24/19,8:59:33,2019.01
33_01_WF,33_01_WF_0001.JPG,11/12/18 17:15,65,11/27/18,1/31/19,HUMAN,11/12/18,12:15:54,2019.01
33_01_WF,33_01_WF_0004.JPG,11/27/18 17:16,65,11/27/18,1/31/19,NOTHINGHERE,11/27/18,12:16:10,2019.01
33_01_WF,33_01_WF_0007.JPG,11/27/18 17:26,65,11/27/18,1/31/19,NOTHINGHERE,11/27/18,12:26:17,2019.01
33_01_WF,33_01_WF_0010.JPG,11/28/18 5:14,65,11/27/18,1/31/19,DEERWHITETAILED,11/28/18,0:14:47,2019.01
33_01_WF,33_01_WF_0013.JPG,11/30/18 16:34,65,11/27/18,1/31/19,DEERWHITETAILED,11/30/18,11:34:19,2019.01
33_01_WF,33_01_WF_0016.JPG,11/30/18 16:35,65,11/27/18,1/31/19,DEERWHITETAILED,11/30/18,11:35:27,2019.01
33_01_WF,33_01_WF_0019.JPG,12/1/18 8:51,65,11/27/18,1/31/19,SOMETHINGHERE,12/1/18,3:51:41,2019.01
33_01_WF,33_01_WF_0022.JPG,12/3/18 0:05,65,11/27/18,1/31/19,SOMETHINGHERE,12/3/18,19:05:05,2019.01
33_01_WF,33_01_WF_0025.JPG,12/3/18 3:41,65,11/27/18,1/31/19,DEERWHITETAILED,12/3/18,22:41:23,2019.01
33_01_WF,33_01_WF_0028.JPG,12/3/18 3:42,65,11/27/18,1/31/19,DEERWHITETAILED,12/3/18,22:42:40,2019.01
33_01_WF,33_01_WF_0031.JPG,12/3/18 3:54,65,11/27/18,1/31/19,DEERWHITETAILED,12/3/18,22:54:35,2019.01
33_01_WF,33_01_WF_0037.JPG,12/4/18 2:57,65,11/27/18,1/31/19,DEERWHITETAILED,12/4/18,21:57:07,2019.01
33_01_WF,33_01_WF_0040.JPG,12/4/18 3:24,65,11/27/18,1/31/19,DEERWHITETAILED,12/4/18,22:24:49,2019.01
33_01_WF,33_01_WF_0043.JPG,12/4/18 19:24,65,11/27/18,1/31/19,DEERWHITETAILED,12/4/18,14:24:31,2019.01
33_01_WF,33_01_WF_0046.JPG,12/4/18 19:27,65,11/27/18,1/31/19,NOTHINGHERE,12/4/18,14:27:35,2019.01
33_01_WF,33_01_WF_0049.JPG,12/4/18 19:31,65,11/27/18,1/31/19,SOMETHINGHERE,12/4/18,14:31:19,2019.01
33_01_WF,33_01_WF_0052.JPG,12/5/18 6:30,65,11/27/18,1/31/19,DEERWHITETAILED,12/5/18,1:30:46,2019.01
33_01_WF,33_01_WF_0055.JPG,12/6/18 9:03,65,11/27/18,1/31/19,DEERWHITETAILED,12/6/18,4:03:17,2019.01
33_01_WF,33_01_WF_0058.JPG,12/7/18 19:26,65,11/27/18,1/31/19,NOTHINGHERE,12/7/18,14:26:01,2019.01
33_01_WF,33_01_WF_0061.JPG,12/10/18 4:47,65,11/27/18,1/31/19,COYOTE,12/10/18,23:47:39,2019.01
33_01_WF,33_01_WF_0064.JPG,12/10/18 7:38,65,11/27/18,1/31/19,DEERWHITETAILED,12/10/18,2:38:09,2019.01
33_01_WF,33_01_WF_0067.JPG,12/11/18 8:53,65,11/27/18,1/31/19,COYOTE,12/11/18,3:53:25,2019.01
33_01_WF,33_01_WF_0070.JPG,12/13/18 18:18,65,11/27/18,1/31/19,FISHER,12/13/18,13:18:39,2019.01
33_01_WF,33_01_WF_0073.JPG,12/15/18 11:30,65,11/27/18,1/31/19,DEERWHITETAILED,12/15/18,6:30:11,2019.01
33_01_WF,33_01_WF_0079.JPG,12/18/18 9:19,65,11/27/18,1/31/19,DEERWHITETAILED,12/18/18,4:19:45,2019.01
33_01_WF,33_01_WF_0082.JPG,12/18/18 9:27,65,11/27/18,1/31/19,DEERWHITETAILED,12/18/18,4:27:25,2019.01
33_01_WF,33_01_WF_0085.JPG,12/18/18 10:34,65,11/27/18,1/31/19,DEERWHITETAILED,12/18/18,5:34:57,2019.01
33_01_WF,33_01_WF_0088.JPG,12/18/18 10:42,65,11/27/18,1/31/19,DEERWHITETAILED,12/18/18,5:42:21,2019.01
33_01_WF,33_01_WF_0091.JPG,12/18/18 10:43,65,11/27/18,1/31/19,DEERWHITETAILED,12/18/18,5:43:37,2019.01
33_01_WF,33_01_WF_0094.JPG,12/18/18 10:55,65,11/27/18,1/31/19,DEERWHITETAILED,12/18/18,5:55:07,2019.01
33_01_WF,33_01_WF_0097.JPG,12/18/18 10:56,65,11/27/18,1/31/19,DEERWHITETAILED,12/18/18,5:56:44,2019.01
33_01_WF,33_01_WF_0100.JPG,12/18/18 15:40,65,11/27/18,1/31/19,DEERWHITETAILED,12/18/18,10:40:06,2019.01
33_01_WF,33_01_WF_0103.JPG,12/20/18 10:27,65,11/27/18,1/31/19,DEERWHITETAILED,12/20/18,5:27:26,2019.01
33_01_WF,33_01_WF_0106.JPG,12/23/18 13:25,65,11/27/18,1/31/19,DEERWHITETAILED,12/23/18,8:25:52,2019.01
33_01_WF,33_01_WF_0109.JPG,12/25/18 17:53,65,11/27/18,1/31/19,NOTHINGHERE,12/25/18,12:53:47,2019.01
33_01_WF,33_01_WF_0112.JPG,12/30/18 9:44,65,11/27/18,1/31/19,DEERWHITETAILED,12/30/18,4:44:08,2019.01
33_01_WF,33_01_WF_0115.JPG,12/30/18 11:49,65,11/27/18,1/31/19,DEERWHITETAILED,12/30/18,6:49:40,2019.01
33_01_WF,33_01_WF_0121.JPG,12/31/18 8:35,65,11/27/18,1/31/19,DEERWHITETAILED,12/31/18,3:35:38,2019.01
33_01_WF,33_01_WF_0124.JPG,12/31/18 8:41,65,11/27/18,1/31/19,DEERWHITETAILED,12/31/18,3:41:55,2019.01
33_01_WF,33_01_WF_0127.JPG,12/31/18 9:08,65,11/27/18,1/31/19,FISHER,12/31/18,4:08:46,2019.01
33_01_WF,33_01_WF_0130.JPG,12/31/18 16:40,65,11/27/18,1/31/19,DEERWHITETAILED,12/31/18,11:40:22,2019.01
33_01_WF,33_01_WF_0133.JPG,1/1/19 7:21,65,11/27/18,1/31/19,SOMETHINGHERE,1/1/19,2:21:47,2019.01
33_01_WF,33_01_WF_0136.JPG,1/1/19 7:23,65,11/27/18,1/31/19,DEERWHITETAILED,1/1/19,2:23:05,2019.01
33_01_WF,33_01_WF_0139.JPG,1/1/19 7:26,65,11/27/18,1/31/19,DEERWHITETAILED,1/1/19,2:26:52,2019.01
33_01_WF,33_01_WF_0145.JPG,1/1/19 11:11,65,11/27/18,1/31/19,DEERWHITETAILED,1/1/19,6:11:51,2019.01
33_01_WF,33_01_WF_0148.JPG,1/1/19 11:14,65,11/27/18,1/31/19,DEERWHITETAILED,1/1/19,6:14:26,2019.01
33_01_WF,33_01_WF_0154.JPG,1/2/19 11:46,65,11/27/18,1/31/19,DEERWHITETAILED,1/2/19,6:46:04,2019.01
33_01_WF,33_01_WF_0157.JPG,1/2/19 11:47,65,11/27/18,1/31/19,DEERWHITETAILED,1/2/19,6:47:20,2019.01
33_01_WF,33_01_WF_0160.JPG,1/2/19 13:15,65,11/27/18,1/31/19,DEERWHITETAILED,1/2/19,8:15:36,2019.01
33_01_WF,33_01_WF_0163.JPG,1/2/19 13:35,65,11/27/18,1/31/19,DEERWHITETAILED,1/2/19,8:35:01,2019.01
33_01_WF,33_01_WF_0166.JPG,1/2/19 14:18,65,11/27/18,1/31/19,DEERWHITETAILED,1/2/19,9:18:10,2019.01
33_01_WF,33_01_WF_0169.JPG,1/5/19 13:02,65,11/27/18,1/31/19,DEERWHITETAILED,1/5/19,8:02:52,2019.01
33_01_WF,33_01_WF_0172.JPG,1/15/19 15:42,65,11/27/18,1/31/19,DEERWHITETAILED,1/15/19,10:42:33,2019.01
33_01_WF,33_01_WF_0175.JPG,1/15/19 15:46,65,11/27/18,1/31/19,DEERWHITETAILED,1/15/19,10:46:37,2019.01
33_01_WF,33_01_WF_0178.JPG,1/19/19 19:56,65,11/27/18,1/31/19,NOTHINGHERE,1/19/19,14:56:45,2019.01
33_01_WF,33_01_WF_0181.JPG,1/22/19 12:48,65,11/27/18,1/31/19,NOTHINGHERE,1/22/19,7:48:30,2019.01
33_01_WF,33_01_WF_0184.JPG,1/23/19 4:52,65,11/27/18,1/31/19,SOMETHINGHERE,1/23/19,23:52:26,2019.01
33_01_WF,33_01_WF_0187.JPG,1/29/19 5:46,65,11/27/18,1/31/19,DEERWHITETAILED,1/29/19,0:46:47,2019.01
33_01_WF,33_01_WF_0190.JPG,1/29/19 14:34,65,11/27/18,1/31/19,DEERWHITETAILED,1/29/19,9:34:44,2019.01
33_01_WF,33_01_WF_0193.JPG,1/29/19 14:38,65,11/27/18,1/31/19,DEERWHITETAILED,1/29/19,9:38:28,2019.01
33_01_WF,33_01_WF_0196.JPG,1/29/19 14:48,65,11/27/18,1/31/19,SOMETHINGHERE,1/29/19,9:48:25,2019.01
33_01_WF,33_01_WF_0199.JPG,1/30/19 10:13,65,11/27/18,1/31/19,DEERWHITETAILED,1/30/19,5:13:58,2019.01
33_01_WF,33_01_WF_0205.JPG,1/31/19 12:45,65,11/27/18,1/31/19,HUMAN,1/31/19,7:45:20,2019.01